id,smiles,is_train
0,Cl.Cl.NCCCN1CCNC(=O)C1,1
1,COc1ccc(C[C@H](NC(=O)OCC2c3ccccc3-c3ccccc32)C(=O)O)cc1OC,1
2,COC(=O)c1ccsc1N,1
3,CN(C)c1nc(Cl)c(CN)s1.Cl.Cl,1
4,Nc1cc(N2CCCC2)ccn1,1
5,Nc1cc(C(F)(F)F)cnc1Cl,1
6,Cl.NCCN1C(=O)c2ccccc2S1(=O)=O,1
7,O=C(O)C[C@@H](Cc1ccc(F)cc1)NC(=O)OCC1c2ccccc2-c2ccccc21,1
8,CC(CN)Sc1ccccc1,1
9,Cn1nccc1CN,1
10,Cc1ccc([N+](=O)[O-])c(N)n1,1
11,Cc1cnc(F)c(CN)c1,1
12,NCC1(O)CCSC1,1
13,Nc1cccc2c(=O)[nH][nH]c(=O)c12,1
14,NCC1(OCCO)CCC1,1
15,Br.Br.NCC1CCCN1c1cccnn1,1
16,Nc1cc(Cl)c([N+](=O)[O-])cn1,1
17,Nc1cnc(Cl)cn1,1
18,NCc1cccnc1,1
19,Cl.NCc1cnoc1C1CC1,1
20,CCOc1ccnc(N)c1,1
21,O=C(N[C@@H](Cc1ccc(Br)cc1)C(=O)O)OCC1c2ccccc2-c2ccccc21,1
22,Cl.NCc1ccc(-c2c[nH]c(=O)[nH]c2=O)cc1,1
23,O=C(O)C1CCN(C(=O)OCC2c3ccccc3-c3ccccc32)C1,1
24,Cc1cc(C)c(NC(=O)OCC2c3ccccc3-c3ccccc32)c(C(=O)O)c1,1
25,Cl.NCCNC(N)=O,1
26,CC1(C)CC(CN)C(C)(C)O1,1
27,C#CC[C@@](C)(NC(=O)OCC1c2ccccc2-c2ccccc21)C(=O)O,1
28,O=C(O)CC1(NC(=O)OCC2c3ccccc3-c3ccccc32)CCCCC1,1
29,Cc1cccc2oc(CCN)nc12.Cl.Cl,1
30,Nc1nc(Cl)c2[nH]cnc2n1,1
31,CC(C)(C)OC(=O)CCC(NC(=O)OCC1c2ccccc2-c2ccccc21)C(=O)O,1
32,Cl.NCc1ccc(CN2C(=O)CNC2=O)cc1,1
33,NCCN1CC[C@@H](O)C1,1
34,N#Cc1ccc(NC(=O)OCC2c3ccccc3-c3ccccc32)c(C(=O)O)c1,1
35,COC(CN)C1CCOC1,1
36,CC1CC(CN)C(C)O1,1
37,Cc1cc(C)c(CN)c(=O)[nH]1.Cl,1
38,Nc1cccc2ncccc12,1
39,Cl.NCCNC(=O)c1ccccc1F,1
40,NCCNC(=O)c1cccnc1,1
41,O=C(Nc1cccc(Br)c1C(=O)O)OCC1c2ccccc2-c2ccccc21,1
42,Cc1cc(C(=O)O)ccc1NC(=O)OCC1c2ccccc2-c2ccccc21,1
43,Cc1ccccc1-n1nc(C)c(CN)c1C.Cl.Cl,1
44,CC(O)(CN)c1ccsc1,1
45,O=C(O)[C@H]1C[C@H](O)CN1C(=O)OCC1c2ccccc2-c2ccccc21,1
46,COc1cc(F)ccc1N,1
47,Cl.NCCN1CCCS1(=O)=O,1
48,COC(C)(CCN)OC,1
49,COc1c(F)cc(N)cc1F,1
50,C#Cc1ccc(N)cc1,1
51,CN1CCN(Cc2ccccc2N)CC1,1
52,NCCC1CCOC1,1
53,Cl.NCc1ncon1,1
54,Cl.NCC1CC12CCOCC2,1
55,Cl.NCC1CC(=O)N(Cc2ccccc2)C1,1
56,Nc1ncc[nH]c1=O,1
57,O=C(O)C[C@@H](Cc1cccc(F)c1)NC(=O)OCC1c2ccccc2-c2ccccc21,1
58,CC(C)(C)c1nnc(CN)s1.Cl,1
59,C[C@@H](OCc1ccccc1)[C@H](NC(=O)OCC1c2ccccc2-c2ccccc21)C(=O)O,1
60,CSC1(CN)CCOCC1.Cl,1
61,CCSC1CCC1(O)CN,1
62,Nc1nc(-c2ccc(F)cc2)cs1,1
63,CC1(C)CCOC1CCN,1
64,Nc1cc(Cl)ccn1,1
65,NCc1cn2cccc(F)c2n1,1
66,Cc1cc(CN)c(C)[nH]1,1
67,Cc1cc(CN)cc(Cl)n1.Cl.Cl,1
68,Cc1cscc1CN,1
69,Nc1cc(Br)ccc1CO,1
70,Cl.NC[C@@H]1CCO[C@@H]1c1nc(C2CC2)no1,1
71,Nc1ccc2c(c1)CC(=O)N2,1
72,Cc1ccc(C(=O)O)cc1NC(=O)OCC1c2ccccc2-c2ccccc21,1
73,CCOC(=O)c1cnn(C)c1N,1
74,Nc1nc(-c2ccc(Cl)c(Cl)c2)cs1,1
75,Cc1ccc(S(C)(=O)=O)cc1N,1
76,COC(=O)c1ccc(C(=O)O)c(NC(=O)OCC2c3ccccc3-c3ccccc32)c1,1
77,Nc1cc(F)c(F)c(F)c1,1
78,Nc1nc2c(s1)CCCC2,1
79,CCc1cccc(NC(=O)OCC2c3ccccc3-c3ccccc32)c1C(=O)O,1
80,O=C(Nc1ccc(C(=O)O)c(C(=O)O)c1)OCC1c2ccccc2-c2ccccc21,1
81,COC(=O)c1cnccc1N,1
82,Cl.Cl.NCCn1cnc2ccsc2c1=O,1
83,NCC1(c2ccc3c(c2)OCO3)CCCCC1,1
84,Nc1cc(=O)[nH]c(=O)[nH]1,1
85,Cc1cc(N)n(-c2ccccc2)n1,1
86,Nc1noc2ccc(F)cc12,1
87,Cc1cc(N)ncc1Cl,1
88,N#Cc1ccnc(N)c1,1
89,NCCC1SCCS1,1
90,Nc1ccc(F)cn1,1
91,Cc1ccc(N)c(Cl)n1,1
92,Cl.NCC1CCOC2(CCOCC2)C1,1
93,COc1ccc2nc(N)sc2c1,1
94,Nc1cc(Cl)ncn1,1
95,Cl.NCc1cocn1,1
96,COc1cc(C(=O)O)c(NC(=O)OCC2c3ccccc3-c3ccccc32)cn1,1
97,O=C(O)C[C@@H](NC(=O)OCC1c2ccccc2-c2ccccc21)c1cccc(Cl)c1,1
98,O=C(N[C@@H](Cc1ccc(C(F)(F)F)cc1)C(=O)O)OCC1c2ccccc2-c2ccccc21,1
99,Nc1nc(Br)cn2ccnc12,1
100,CCCCC(NC(=O)OCC1c2ccccc2-c2ccccc21)C(=O)O,1
101,Cl.NCC1Cc2ccccc2C1,1
102,N#Cc1cc(F)ccc1N,1
103,Cc1ncccc1N,1
104,O=C(O)[C@H]1COCCN1C(=O)OCC1c2ccccc2-c2ccccc21,1
105,O=C(N[C@@H](Cc1ccc(Cl)c(Cl)c1)C(=O)O)OCC1c2ccccc2-c2ccccc21,1
106,Cc1cc([N+](=O)[O-])c(Cl)cc1N,1
107,Cc1sc(N)c(C#N)c1C,1
108,Nc1ccc(F)c([N+](=O)[O-])c1,1
109,Cl.Cl.NCc1cnsc1,1
110,O=C(O)C[C@@H](Cc1cccs1)NC(=O)OCC1c2ccccc2-c2ccccc21,1
111,Cl.NCCn1cnnn1,1
112,CNC(=O)c1cc(Oc2ccc(N)cc2)ccn1,1
113,Cn1cc(C[C@@H](NC(=O)OCC2c3ccccc3-c3ccccc32)C(=O)O)c2ccccc21,1
114,CC1CN(S(=O)(=O)CCN)CC(C)O1,1
115,Nc1nc(-c2ccccc2Cl)cs1,1
116,Cc1cnc(CN)o1.Cl,1
117,Cl.NCc1ccsc1C(F)(F)F,1
118,Nc1cccc(-n2cncn2)c1,1
119,Cl.Cl.NCC1CCN(CC(F)F)CC1,1
120,CC(C)Cn1cnc2c(N)nc3ccccc3c21,1
121,CC1Cc2cc(CN)ccc2O1,1
122,CSCc1nnc(CN)[nH]1.Cl,1
123,Cc1nnc(N)s1,1
124,COc1nccc(C(=O)O)c1NC(=O)OCC1c2ccccc2-c2ccccc21,1
125,Cn1cc(-c2ccccc2CN)cn1,1
126,Cl.Cl.Cn1cncc1CN,1
127,O=C(O)C[C@H]1CCCN1C(=O)OCC1c2ccccc2-c2ccccc21,1
128,CC1(CCCCN)OCCO1,1
129,CCC(CC)(CN)OC,1
130,NCc1cnc(-c2ccccc2)s1,1
131,CS(=O)CC(O)CN.Cl,1
132,NCC1(O)CC1,1
133,Cc1sc(C)c(CN)c1Br.Cl,1
134,Nc1nc2ccccc2[nH]1,1
135,CC(O)CCN,1
136,O=C(O)C[C@H](NC(=O)OCC1c2ccccc2-c2ccccc21)c1ccc(F)cc1,1
137,COC(=O)c1ccc(N)cc1OC,1
138,O=C(Nc1cccc(Cl)c1C(=O)O)OCC1c2ccccc2-c2ccccc21,1
139,Cc1cc(N)cc(F)c1,1
140,NC/C=C/Br,1
141,Nc1cc(C2CC2)[nH]n1,1
142,Cl.NCc1ccc[nH]c1=O,1
143,O=C(Nc1cc(Br)c(Cl)cc1C(=O)O)OCC1c2ccccc2-c2ccccc21,1
144,COc1ncc(N)cn1,1
145,Cc1ccc(N)nn1,1
146,Cc1nnc(N)o1,1
147,N#CC1=C(N)CCC1,1
148,Cc1cc(Cl)cc(C(=O)O)c1NC(=O)OCC1c2ccccc2-c2ccccc21,1
149,Nc1cc[nH]n1,1
150,O=C(O)[C@@H]1CCCCN1C(=O)OCC1c2ccccc2-c2ccccc21,1
151,CSc1nnc(CN)s1,1
152,NCc1cnc(N2CCOCC2)c(F)c1,1
153,Cc1ccc(NC(=O)OCC2c3ccccc3-c3ccccc32)c(C(=O)O)c1,1
154,Cl.Cl.NCc1cn2cc(Br)ccc2n1,1
155,Nc1nccc(=O)[nH]1,1
156,Nc1nccc(-c2cccnc2)n1,1
157,CNC(=O)C(O)CN.Cl,1
158,O=C(O)C[C@@H](Cc1ccc(C(F)(F)F)cc1)NC(=O)OCC1c2ccccc2-c2ccccc21,1
159,Cl.Cl.NCc1nccn1-c1ccccc1,1
160,O=C(NC1(C(=O)O)CCOCC1)OCC1c2ccccc2-c2ccccc21,1
161,Nc1cccc2c1C(=O)N(C1CCC(=O)NC1=O)C2=O,1
162,Cc1c([C@@H]2[C@@H](CN)CC(=O)N2C)cnn1C,1
163,COC(=O)c1c[nH]nc1N,1
164,O=C(Nc1cc(Br)cnc1C(=O)O)OCC1c2ccccc2-c2ccccc21,1
165,O=C(O)COc1cccc(-c2csc(NC(=O)OCC3c4ccccc4-c4ccccc43)n2)c1,1
166,CCn1nccc1CN,1
167,Cc1c(Br)ccc(C(=O)O)c1NC(=O)OCC1c2ccccc2-c2ccccc21,1
168,O=C(O)[C@@H]1CCCN1C(=O)[C@@H]1CCCN1C(=O)OCC1c2ccccc2-c2ccccc21,1
169,NCC1CCN(c2ccncc2)CC1,1
170,NCCN1CC2CCC1C2,1
171,Cl.Cl.NCCN1CCS(=O)CC1,1
172,O=C(Nc1ccc(F)c(C(=O)O)c1F)OCC1c2ccccc2-c2ccccc21,1
173,O=C(Nc1nc2ncc(CNc3ccc(C(=O)O)cc3)nc2c(=O)[nH]1)OCC1c2ccccc2-c2ccccc21,1
174,Cl.Cl.NC[C@@H]1CCO[C@H]1c1cn[nH]c1,1
175,Nc1cc(=O)[nH]c(=S)[nH]1,1
176,Cc1cc2cc(CN)ccc2[nH]1,1
177,N#Cc1ccc(C[C@@H](NC(=O)OCC2c3ccccc3-c3ccccc32)C(=O)O)cc1,1
178,COC(=O)c1cc(N)cs1,1
179,CC(C)(C#N)c1ccc(N)cc1,1
180,O=C(Nc1cc(Cl)ncc1C(=O)O)OCC1c2ccccc2-c2ccccc21,1
181,O=C(N[C@@H](Cc1csc2ccccc12)C(=O)O)OCC1c2ccccc2-c2ccccc21,1
182,CC(C)(C)NS(=O)(=O)c1cccc(N)c1,1
183,COc1ccc([N+](=O)[O-])c(N)n1,1
184,O=C(O)C[C@@H](Cc1ccc(Cl)cc1Cl)NC(=O)OCC1c2ccccc2-c2ccccc21,1
185,COC(=O)c1cc(N)ccc1Cl,1
186,Nc1ccc(Cl)nc1,1
187,Cn1nccc1N,1
188,O=C(Nc1nc2cc(C(=O)O)ccc2[nH]1)OCC1c2ccccc2-c2ccccc21,1
189,Cc1ccc2cccc(N)c2n1,1
190,COc1cc(Br)ccc1N,1
191,Cn1nccc1CN1C[C@@H](F)C[C@H]1CN,1
192,NCC(c1cccs1)N1CCOCC1,1
193,Cl.Cl.NCc1cn[nH]c1,1
194,Cc1nccn1-c1ncccc1CN,1
195,Nc1cccc2c1CN(C1CCC(=O)NC1=O)C2=O,1
196,CN1CCN(Cc2cccc(N)c2)CC1,1
197,Cl.Cn1c(CN)n[nH]c1=O,1
198,N#Cc1cnc2c(C#N)cnn2c1N,1
199,Nc1cnc(Cl)cc1Cl,1
200,O=C(Nc1cccc(C(=O)O)c1)OCC1c2ccccc2-c2ccccc21,1
201,Nc1cccnc1[N+](=O)[O-],1
202,Nc1nc2cccc(Br)n2n1,1
203,O=C(O)C[C@H](NC(=O)OCC1c2ccccc2-c2ccccc21)c1cccc(Cl)c1Cl,1
204,Nc1ccc2c(c1)CNC2=O,1
205,Cn1nnc(N)n1,1
206,Cn1ccc(N)n1,1
207,Nc1cc(Br)ccn1,1
208,NCc1cccc(C(F)(F)F)c1,1
209,CC(C)(C)OC(=O)N1Cc2c(N)n[nH]c2C1(C)C,1
210,Cl.NCCc1cc(Br)c(Br)s1,1
211,Cn1c(=O)cc(N)[nH]c1=O,1
212,Cc1ccc(C(=O)O)c(NC(=O)OCC2c3ccccc3-c3ccccc32)c1C,1
213,Cc1cnc(CCN)s1.Cl.Cl,1
214,O=C(N[C@H](Cc1cc(F)cc(F)c1)C(=O)O)OCC1c2ccccc2-c2ccccc21,1
215,C#CC[C@H](NC(=O)OCC1c2ccccc2-c2ccccc21)C(=O)O,1
216,Cc1cc(N)cc(Cl)c1,1
217,Cl.NCc1csc(=O)[nH]1,1
218,O=C(N[C@@H](C/C=C/c1ccccc1)C(=O)O)OCC1c2ccccc2-c2ccccc21,1
219,C=C1CCC(CN)CC1.Cl,1
220,Nc1ccc2cn[nH]c2c1,1
221,O=C(N[C@@H](Cc1ccccc1F)C(=O)O)OCC1c2ccccc2-c2ccccc21,1
222,C=C(C)COCCN.Cl,1
223,NCCOc1cccnc1,1
224,Cc1cc(N)on1,1
225,CCSc1ccc(CN)cc1,1
226,O=C(N[C@@H](Cc1cscn1)C(=O)O)OCC1c2ccccc2-c2ccccc21,1
227,Cl.NCC=C(Cl)Cl,1
228,Cl.NCC1(F)CCOC1,1
229,Cl.N#Cc1ccc(CN)nc1,1
230,Cc1ccsc1CN,1
231,NCC1(Cc2ccccc2)CC1,1
232,NCC1CCC2CC2C1,1
233,C=CCC[C@@H](NC(=O)OCC1c2ccccc2-c2ccccc21)C(=O)O,1
234,Nc1ccc(O)cc1C(F)(F)F,1
235,Cl.NCCn1cnc2sccc2c1=O,1
236,Nc1cc[nH]c(=O)n1,1
237,Cl.NCC(F)(F)C(N)=O,1
238,COC(=O)c1sc(C)cc1N,1
239,O=C(O)C[C@H](C/C=C/c1ccccc1)NC(=O)OCC1c2ccccc2-c2ccccc21,1
240,Nc1ccc(F)c(Cl)c1F,1
241,CC(C)(CN)C(=O)N1CCCC1,1
242,Cc1cc(N)ccc1Cl,1
243,NCc1cccs1,1
244,Cl.NCC1CC(CC(N)=O)CO1,1
245,COc1cccc(NC(=O)OCC2c3ccccc3-c3ccccc32)c1C(=O)O,1
246,COc1ccc2nnc(CN)n2n1,1
247,COCc1ccc(N)cc1,1
248,Nc1cc(F)c(F)cc1[N+](=O)[O-],1
249,O=C(N[C@@H](CCC1CCCCC1)C(=O)O)OCC1c2ccccc2-c2ccccc21,1
250,C=CCOC(C)CN,1
251,Nc1cc(Cl)cnc1Cl,1
252,Cc1ccnc(Cl)c1N,1
253,O=C(N[C@H](Cc1ccc(C(F)(F)F)cc1)C(=O)O)OCC1c2ccccc2-c2ccccc21,1
254,Cc1nn(CCN)c(C)c1Cl,1
255,COc1cc2c(cc1CN)OCO2,1
256,CC(C)(C)c1cc(N)n[nH]1,1
257,Nc1ncnc(Cl)c1Cl,1
258,O=C(Nc1ccc(Br)c(C(=O)O)c1)OCC1c2ccccc2-c2ccccc21,1
259,O=C(O)C[C@@H]1CCCN1C(=O)OCC1c2ccccc2-c2ccccc21,1
260,Cl.Cl.NCCC(=O)Nc1ccncc1,1
261,Cc1cnc(O)c(N)c1,1
262,Cn1ccnc1N,1
263,CC(C)(C)OC(=O)N1C[C@@H](NC(=O)OCC2c3ccccc3-c3ccccc32)[C@H](C(=O)O)C1,1
264,Nc1nc(NCc2ccc(F)cc2)ccc1[N+](=O)[O-],1
265,Cl.NCc1cc(C(F)(F)F)co1,1
266,COc1ccc(N)cc1[N+](=O)[O-],1
267,Nc1cccc2ocnc12,1
268,CCc1cc(N)n[nH]1,1
269,Cl.NCCNC(=O)c1ccn[nH]1,1
270,Nc1ccc2c(c1)CNCC2,1
271,O=C(N[C@@H](Cc1cccnc1)C(=O)O)OCC1c2ccccc2-c2ccccc21,1
272,O=C(O)C1CCCN1C(=O)OCC1c2ccccc2-c2ccccc21,1
273,Cc1ccc(CN)c(Cl)n1,1
274,Cc1nn(C)c2ncc(CN)cc12.Cl,1
275,Nc1ncco1,1
276,CN1CC2(CCC1CN)CC2.Cl.Cl,1
277,CC1(C)CC(CCN)C(=O)N1.Cl,1
278,CCn1cc(N)c(C)n1,1
279,CS(=O)(=O)c1ccc(N)cc1,1
280,CCC1=NN(Cc2ccccc2C)C(=O)C1CCN,1
281,NCCc1ccc(N2CCOCC2)c(F)c1,1
282,CC(CN)S(=O)(=O)N1CCN(c2ccccc2)CC1.Cl.Cl,1
283,Cl.NCCCNC(=O)c1ccc(F)cc1,1
284,Cc1cc(=O)oc2cc(N)ccc12,1
285,COC(=O)c1cc(N)cc(F)c1,1
286,Cc1cc(C#N)c(N)s1,1
287,NCC1(c2ccc(Cl)cc2Cl)CCCC1,1
288,Cl.NCCS(=O)(=O)c1ccc(Cl)cc1,1
289,NCc1cn(C(F)F)c2ccccc12,1
290,NCC1CCCCC(F)(F)C1,1
291,Nc1ccc(Cl)cc1F,1
292,Br.NCc1cccc(Br)n1,1
293,C=CCNC(=O)CN.Cl,1
294,Cl.NCCCCF,1
295,Cl.Cl.NCCc1nnc2c(=O)[nH]ccn12,1
296,COc1cc(N)ccn1,1
297,CC(CN)c1nccs1,1
298,NCC1CS(=O)(=O)c2ccccc21,1
299,C=CC[C@H](NC(=O)OCC1c2ccccc2-c2ccccc21)C(=O)O,1
300,COc1ccc(CN)cc1C#N.Cl,1
301,Nc1cc(Cl)nc(Cl)n1,1
302,O=C(N[C@@H](CC1CC1)C(=O)O)OCC1c2ccccc2-c2ccccc21,1
303,NCc1cnc(-c2ccccc2)o1,1
304,Cc1cc(F)ccc1N,1
305,COC1(CN)CCOC1.Cl,1
306,Cc1cnc(Cl)cc1N,1
307,Nc1ccc(CC2COC(=O)N2)cc1,1
308,COc1ccc(N)cn1,1
309,COC(=O)c1nccnc1N,1
310,Nc1ccncc1Cl,1
311,NCc1noc2c1COCC2,1
312,NCCN1CCCOCC1,1
313,O=C(O)[C@@H]1CSCN1C(=O)OCC1c2ccccc2-c2ccccc21,1
314,Nc1cc(C(F)(F)F)cc(C(F)(F)F)c1,1
315,N#Cc1ccc(N)c([N+](=O)[O-])c1,1
316,Cc1cccc(CCCN)n1,1
317,CCOC(CN)CN(C)C,1
318,Cl.NCc1cc(F)c(Cl)cc1F,1
319,Cn1cc(C(F)F)c(CN)n1,1
320,NCC1(CO)CC2C=CC1C2,1
321,Cc1ccc(C[C@H](NC(=O)OCC2c3ccccc3-c3ccccc32)C(=O)O)cc1,1
322,N#Cc1ccc2nc(N)sc2c1,1
323,Nc1n[nH]c2cc(Cl)ccc12,1
324,O=C(N[C@@H](Cc1ccco1)C(=O)O)OCC1c2ccccc2-c2ccccc21,1
325,Cc1ccc(CN)n1C,1
326,Cl.NCCC[C@@H]1NC(=O)NC1=O,1
327,Cl.NCCC1CCCC1(F)F,1
328,Cl.Nc1cc(O)ccn1,1
329,COC(=O)c1sccc1N,1
330,NCCN1CCC2(C1)OCCO2,1
331,CCOc1cc(NC(=O)OCC2c3ccccc3-c3ccccc32)c(Cl)cc1C(=O)O,1
332,Cl.NCC1(OCCO)CCS(=O)(=O)C1,1
333,CCN(CCCN)S(C)(=O)=O,1
334,COC1(OC)CC(CN)C1,1
335,Nc1nc[nH]n1,1
336,O=C(Nc1c(Br)cccc1C(=O)O)OCC1c2ccccc2-c2ccccc21,1
337,COc1ccc(C(=O)O)c(NC(=O)OCC2c3ccccc3-c3ccccc32)c1,1
338,Cc1ccc(-c2cc(C(F)(F)F)nc(OCCN)n2)cc1,1
339,CC(C)c1nnc([C@H]2C[C@H](CN)[C@H](O)C2)[nH]1,1
340,O=C(Nc1ccc(C(=O)O)c(F)c1)OCC1c2ccccc2-c2ccccc21,1
341,Cn1cc(N)cn1,1
342,Nc1n[nH]c2c(F)c(F)ccc12,1
343,O=C(N[C@H](C(=O)O)C1CCCC1)OCC1c2ccccc2-c2ccccc21,1
344,Cl.NCC1CCN(c2ccc(Br)cc2)C1,1
345,Cl.Cl.NCc1cc(=O)nc[nH]1,1
346,O=C(O)C[C@H](Cc1cccs1)NC(=O)OCC1c2ccccc2-c2ccccc21,1
347,Cl.NCCNC(=O)c1ccc(Cl)cc1,1
348,O=C(Nc1nc2ccc(C(=O)O)cc2s1)OCC1c2ccccc2-c2ccccc21,1
349,Cl.NCc1cc(Br)no1,1
350,O=C(Nc1ccc(C(=O)O)c(Cl)c1)OCC1c2ccccc2-c2ccccc21,1
351,C=C(C)C(=O)NCCN.Cl,1
352,NCc1cccnc1N1CCC(C(N)=O)CC1,1
353,Nc1nnn[nH]1,1
354,O=C(N[C@H](Cc1ccc(I)cc1)C(=O)O)OCC1c2ccccc2-c2ccccc21,1
355,CCOC(=O)c1cccnc1N,1
356,[N-]=[N+]=NCCC[C@H](NC(=O)OCC1c2ccccc2-c2ccccc21)C(=O)O,1
357,O=C(Nc1ncc(Br)nc1C(=O)O)OCC1c2ccccc2-c2ccccc21,1
358,Nc1nc(Cl)ccc1Cl,1
359,O=C(Nc1c(F)ccc(Br)c1C(=O)O)OCC1c2ccccc2-c2ccccc21,1
360,COc1ccc(O)c(N)c1,1
361,NCc1ccc(CN2CCCC2=O)cc1,1
362,Cl.Cl.NCC(=O)NCCN1CCOCC1,1
363,NCc1cccc2c1OCO2,1
364,O=C(Nc1nc(C(F)(F)F)c(C(=O)O)s1)OCC1c2ccccc2-c2ccccc21,1
365,Nc1ccc(N2CCOCC2)cc1,1
366,O=C(N[C@H](Cc1ccc(Cl)c(Cl)c1)C(=O)O)OCC1c2ccccc2-c2ccccc21,1
367,Cl.NCC1C=CCC1,1
368,O=C(N[C@H](Cc1ccc(F)c(F)c1)C(=O)O)OCC1c2ccccc2-c2ccccc21,1
369,Cc1cc(N)nn1C,1
370,Nc1ccc(OC(F)(F)F)c(Cl)c1,1
371,CS(=O)(=O)c1ccc(N)cc1F,1
372,CC(CN)S(C)=O,1
373,Cl.Cl.NCC1CCNC(=O)C1,1
374,Nc1n[nH]c2cc(F)ccc12,1
375,O=C(Nc1cc(F)c(F)cc1C(=O)O)OCC1c2ccccc2-c2ccccc21,1
376,CC(C)(C)c1ccc(O)c(N)c1,1
377,Cc1cnc(CN)s1,1
378,CCOC(=O)c1cncnc1N,1
379,Cl.NCCc1c[nH]c2cc(Cl)ccc12,1
380,Cl.Cn1cc(N)ccc1=O,1
381,Cl.Cl.NCc1ccc2ccccc2n1,1
382,Nc1cccc(OC(F)F)c1,1
383,O=C(N[C@H](Cc1ccc(-c2ccccc2)cc1)C(=O)O)OCC1c2ccccc2-c2ccccc21,1
384,O=C(O)C[C@H](Cc1ccc(Br)cc1)NC(=O)OCC1c2ccccc2-c2ccccc21,1
385,Cc1ccc(C#N)cc1N,1
386,NCc1cnns1,1
387,Cc1[nH][nH]c(=O)c1CCN,1
388,Cc1ncc(N)cc1Br,1
389,Cl.Nc1ncns1,1
390,CC(C)(C)OCC(NC(=O)OCC1c2ccccc2-c2ccccc21)C(=O)O,1
391,Cl.N#CC1(NC(=O)CN)CC1,1
392,O=C(NC1(C(=O)O)CCC1)OCC1c2ccccc2-c2ccccc21,1
393,Cl.NCC12CC3CC(CC(C3)C1)C2,1
394,NCc1ccc(NC(=O)c2ccco2)cc1,1
395,NCc1cc(-c2ccccc2)[nH]n1,1
396,Cl.NCCS(=O)(=O)C1CCOCC1,1
397,Cl.NCc1cnc(Cl)s1,1
398,Cl.Cl.NCC#Cc1cccnc1,1
399,Nc1ccc(N2CCOCC2)c(F)c1,1
400,NCC1(O)CCCC1,1
401,NCC1(C2CC2)CCCO1,1
402,Cc1cc(CN)c(C)o1,1
403,Nc1nc2nc[nH]c2c(=O)[nH]1,1
404,Nc1ccc2c(c1)COC2=O,1
405,COC(=O)c1c[nH]c(C(=O)OC)c1N,1
406,Cc1nc(CN)sc1C,1
407,O=C(Nc1ccc(Cl)c(C(=O)O)c1)OCC1c2ccccc2-c2ccccc21,1
408,Cl.NCC(F)(F)CC1CC1,1
409,COC(=O)c1cnc(N)cn1,1
410,N#Cc1cccc(C[C@H](CC(=O)O)NC(=O)OCC2c3ccccc3-c3ccccc32)c1,1
411,Cl.Cl.NCC(O)c1ccncc1,1
412,Cl.NCc1noc2ccc(F)cc12,1
413,O=C(O)[C@H]1Cc2ccccc2CN1C(=O)OCC1c2ccccc2-c2ccccc21,1
414,Cc1cc(N)ccc1F,1
415,COc1cc(F)c(Cl)cc1N,1
416,O=C(O)COC[C@H]1CCCN1C(=O)OCC1c2ccccc2-c2ccccc21,1
417,CN1CCN(c2ccc(N)cc2F)CC1,1
418,Nc1ccc2c(c1)C(O)CCC2,1
419,O=C(O)[C@@H]1CCCN1C(=O)OCC1c2ccccc2-c2ccccc21,1
420,CN(C)C1(CN)CCSC1,1
421,CCOC(=O)c1cnc(N)[nH]1,1
422,COc1ccccc1OCCCCN,1
423,C[C@@]1(C(=O)O)CCCN1C(=O)OCC1c2ccccc2-c2ccccc21,1
424,Nc1nc(=O)[nH]cc1Br,1
425,Nc1ccc(Cl)c(F)c1,1
426,N#Cc1cc(N)ccc1Cl,1
427,CC(C)CC(NC(=O)OCC1c2ccccc2-c2ccccc21)C(=O)O,1
428,Nc1cc(Cl)c(F)c(Cl)c1,1
429,CCOC(=O)c1coc(N)n1,1
430,O=C(O)CNC(=O)OCC1c2ccccc2-c2ccccc21,1
431,O=C(N[C@H](C(=O)O)c1ccsc1)OCC1c2ccccc2-c2ccccc21,1
432,NCC(O)c1ccc(Cl)s1.O=C(O)C(F)(F)F,1
433,COC(=O)c1cscc1N.Cl,1
434,O=C(Nc1cnc(Cl)cc1C(=O)O)OCC1c2ccccc2-c2ccccc21,1
435,NCC[C@@H]1COC[C@H]1O,1
436,NCCCCN1CCCC1,1
437,NCCc1ccncc1F,1
438,O=C(N[C@@H]1CC[C@H](C(=O)O)C1)OCC1c2ccccc2-c2ccccc21,1
439,NCc1cccc(C(F)(F)F)n1,1
440,Nc1nc2c(s1)CN(C(=O)OCc1ccccc1)CC2,1
441,CCOC(=O)c1c(C)csc1N,1
442,Nc1cc(F)ccn1,1
443,Cl.NCCN1C(=O)SC(=Cc2cccs2)C1=O,1
444,Cc1cc(N)n[nH]1,1
445,Nc1c2c(cc3c1CCC3)CCC2,1
446,Cl.NCc1nc2cc(F)ccc2o1,1
447,COC(=O)c1ccc2nc(N)sc2c1,1
448,N#Cc1cccc(N)n1,1
449,NCCc1ncc(Br)s1,1
450,O=C(N[C@@H](C(=O)O)C1CCCC1)OCC1c2ccccc2-c2ccccc21,1
451,Cl.NCC1CCCOC1,1
452,Nc1c(O)ncnc1O,1
453,Nc1ncnc(=O)[nH]1,1
454,NCc1cccc(N2CCOCC2)c1,1
455,CC12CCC(CN)(C1)OC2.Cl,1
456,Cl.Cl.NCC=Cc1cccnc1,1
457,COc1ncccc1N,1
458,Nc1ncc(-c2ccccc2)s1,1
459,Nc1nc2ccccc2o1,1
460,C#CC[C@@H](CC(=O)O)NC(=O)OCC1c2ccccc2-c2ccccc21,1
461,CCOC(=O)c1ccc(O)c(N)c1,1
462,O=C(O)C[C@H](Cc1ccc(I)cc1)NC(=O)OCC1c2ccccc2-c2ccccc21,1
463,O=C(Nc1cccnc1C(=O)O)OCC1c2ccccc2-c2ccccc21,1
464,NCC1CCC(C(F)F)CC1,1
465,Cc1sc(CN)nc1C(C)C,1
466,COC(=O)c1cc(N)ccc1C,1
467,COc1ccc(CN)cc1CN1CCOCC1.Cl.Cl,1
468,O=C(O)C[C@H](Cc1ccc(F)cc1)NC(=O)OCC1c2ccccc2-c2ccccc21,1
469,Nc1ccc(Cl)cn1,1
470,Nc1nccnc1Br,1
471,O=C(N[C@H](Cc1ccc(Cl)cc1)C(=O)O)OCC1c2ccccc2-c2ccccc21,1
472,CS(=O)(=O)CC1(CN)CCOCC1.Cl,1
473,COCc1ccccc1CN,1
474,Cc1ccnc(N)c1,1
475,Nc1nc(Cl)cc(Cl)n1,1
476,CCOC(=O)c1csc(N)n1,1
477,Nc1cc2cccnc2c2ncccc12,1
478,Nc1cc(F)cc(F)c1[N+](=O)[O-],1
479,Cc1cccnc1NC(=O)CCN.Cl.Cl,1
480,NCCS(=O)Cc1ccccc1,1
481,Nc1nccc2cccnc12,1
482,O=C(N[C@@H](Cc1ccc(F)cc1F)C(=O)O)OCC1c2ccccc2-c2ccccc21,1
483,CC(OC(C)(C)C)C(NC(=O)OCC1c2ccccc2-c2ccccc21)C(=O)O,1
484,O=C(Nc1cc(Br)c(F)cc1C(=O)O)OCC1c2ccccc2-c2ccccc21,1
485,CC(C)CC(C)(CN)NC(=O)c1cc(Cl)c(Cl)[nH]1.Cl,1
486,Cl.NCCCNC(=O)C1CCC1,1
487,N#Cc1c[nH]nc1N,1
488,O=C(N[C@H](CCC1CCCCC1)C(=O)O)OCC1c2ccccc2-c2ccccc21,1
489,NCc1cccnc1OC(F)F,1
490,NCc1nc2ccccc2s1,1
491,COc1ccc(NC(=O)OCC2c3ccccc3-c3ccccc32)c(C(=O)O)c1,1
492,Cc1nc(N)ccc1[N+](=O)[O-],1
493,Nc1ccc(F)c(Cl)c1,1
494,Nc1nc(Cl)ncc1Cl,1
495,O=C(Nc1c(C(=O)O)ccc(Br)c1F)OCC1c2ccccc2-c2ccccc21,1
496,COc1cccc(N)n1,1
497,O=C(O)C[C@@H](Cc1ccccc1Cl)NC(=O)OCC1c2ccccc2-c2ccccc21,1
498,O=C(O)C[C@@H](NC(=O)OCC1c2ccccc2-c2ccccc21)c1cccs1,1
499,CC(CN)S(N)(=O)=O.Cl,1
500,COc1cncc(N)c1,1
501,COc1nc(Cl)ncc1N,1
502,NCc1ccc(N2CCOCC2)cc1C(F)(F)F,1
503,Cl.NCCCOc1cccc(F)c1,1
504,Nc1cc(CO)ccn1,1
505,O=C(Nc1cc(-n2cccn2)ccc1C(=O)O)OCC1c2ccccc2-c2ccccc21,1
506,Nc1c2ccccc2nc2ccccc12,1
507,NCC(O)COc1cccc(Cl)c1Cl,1
508,O=C(N[C@@H](Cc1cc(F)c(F)c(F)c1)C(=O)O)OCC1c2ccccc2-c2ccccc21,1
509,NCC1CN2CCN1CC2,1
510,O=C(Nc1ccc([N+](=O)[O-])cc1C(=O)O)OCC1c2ccccc2-c2ccccc21,1
511,Nc1ccc(F)nc1,1
512,Nc1cnc(Cl)c(Cl)c1,1
513,Nc1cc(Cl)c(O)c(Cl)c1,1
514,O=C(Nc1c(C(=O)O)cnn1-c1ccc(F)cc1)OCC1c2ccccc2-c2ccccc21,1
515,Nc1cc(-c2cccc(Br)c2)no1,1
516,Nc1cc(-c2ccccc2)[nH]n1,1
517,O=C(O)C[C@H](Cc1c(F)c(F)c(F)c(F)c1F)NC(=O)OCC1c2ccccc2-c2ccccc21,1
518,Nc1cccc(N2CCCC2)c1,1
519,O=C(Nc1c(Cl)cc(F)cc1C(=O)O)OCC1c2ccccc2-c2ccccc21,1
520,COC(=O)c1occc1N,1
521,Cl.Cl.NCc1nc(-c2ccncc2)no1,1
522,NCc1ccc(F)nc1,1
523,COC(=O)c1cccc(N)n1,1
524,Cn1ncc2cc(N)ccc21,1
525,Nc1nccnc1Cl,1
526,Cl.Cl.NCc1cccc(-n2ccnn2)c1,1
527,Cc1ccc(Cl)c(N)c1,1
528,Cn1ncc(C#N)c1N,1
529,O=C(Nc1ncc(C(=O)O)s1)OCC1c2ccccc2-c2ccccc21,1
530,Cl.NCc1ccnc(C(N)=O)c1,1
531,O=C(O)C[C@@H](Cc1ccc([N+](=O)[O-])cc1)NC(=O)OCC1c2ccccc2-c2ccccc21,1
532,COc1cc(C#N)c(F)cc1N,1
533,Nc1c(F)cccc1F,1
534,Cl.Nc1cccc2c(=O)cc(-c3nn[nH]n3)oc12,1
535,NCc1nc2c(s1)CCCCC2,1
536,O=C(N[C@H](Cc1csc2ccccc12)C(=O)O)OCC1c2ccccc2-c2ccccc21,1
537,Cc1cc(N)ccc1O,1
538,CSc1ccc(CN)o1.Cl,1
539,CCOC(=O)c1c[nH]nc1N,1
540,Cl.Cn1cc(CN)c(=O)[nH]c1=O,1
541,Cc1ccc(N)cc1Br,1
542,NC[C@@H]1CCC(=O)N1,1
543,CC(CCN)S(C)=O,1
544,Cc1cc(Cl)nnc1N,1
545,CC(CN)OC(C)(C)C.Cl,1
546,O=C(Nc1ccc(Cl)nc1C(=O)O)OCC1c2ccccc2-c2ccccc21,1
547,Nc1cccc(N2CCOCC2)c1,1
548,Cl.Cl.NCc1nc2c(F)c(F)ccc2[nH]1,1
549,Cl.NC[C@@H]1CCCO1,1
550,O=C(Nc1ccc(C(=O)O)c(C(F)(F)F)c1)OCC1c2ccccc2-c2ccccc21,1
551,N#Cc1c(N)cccc1F,1
552,CCS(=O)CCN.Cl,1
553,NCCC(O)C1CCCC1,1
554,COc1c(N)ncnc1Cl,1
555,CN1CCN(Cc2ccc(N)cc2C(F)(F)F)CC1,1
556,COc1cc(NC(=O)OCC2c3ccccc3-c3ccccc32)c(C(=O)O)c(OC)c1,1
557,COC(=O)c1cc(N)ccc1F,1
558,Nc1nc(F)cc(F)n1,1
559,Cc1cccc2sc(N)nc12,1
560,COC(=O)c1cc(F)c(F)cc1N,1
561,COc1ccc([C@H](NC(=O)OCC2c3ccccc3-c3ccccc32)C(=O)O)cc1,1
562,O=C(O)[C@H]1CCN1C(=O)OCC1c2ccccc2-c2ccccc21,1
563,Cl.NCc1ccc[nH]1,1
564,NCc1ccccn1,1
565,O=C(NC1(C(=O)O)CCc2ccccc21)OCC1c2ccccc2-c2ccccc21,1
566,CN1CCN(C(=O)CN)CC1,1
567,Cc1ccc(C(CC(=O)O)NC(=O)OCC2c3ccccc3-c3ccccc32)cc1,1
568,Nc1ccc2nccnc2c1,1
569,COc1cc(CN)c(Br)cn1,1
570,Cc1cnc(Cl)nc1N,1
571,Cl.NCC1CCCC2(CCC2)C1O,1
572,NCC1(N2CCOCC2)CC1,1
573,Nc1cncc(Cl)n1,1
574,Nc1ccc2c(c1)oc1ccccc12,1
575,Nc1ncnc2[nH]cnc12,1
576,N#Cc1nc[nH]c1N,1
577,Nc1n[nH]c2ccc([N+](=O)[O-])cc12,1
578,O=C(O)C[C@H](Cc1ccc(C(F)(F)F)cc1)NC(=O)OCC1c2ccccc2-c2ccccc21,1
579,O=C(Nc1ccc(Br)cc1C(=O)O)OCC1c2ccccc2-c2ccccc21,1
580,Nc1nc(F)nc2nc[nH]c12,1
581,C=CCSCCN,1
582,C#CCOc1cccc(CN)c1.Cl,1
583,CC(C)(CN)CCS(C)(=O)=O.Cl,1
584,Cl.NCc1cscc1C(F)(F)F,1
585,NCc1ccccc1CS(=O)(=O)N1CCOCC1,1
586,Cl.Cl.NCc1ccc2scnc2c1,1
587,Nc1ccc(N2CCC(N3CCOCC3)CC2)cc1,1
588,COC1(C(F)(F)CN)CCOCC1.Cl,1
589,Nc1ccc([N+](=O)[O-])cn1,1
590,NCc1cc(F)cc(F)c1,1
591,CCC#CCN,1
592,NCc1c(F)cccc1N1CCCC1,1
593,Nc1ccc(F)cc1CO,1
594,O=C(O)C[C@H](Cc1ccc([N+](=O)[O-])cc1)NC(=O)OCC1c2ccccc2-c2ccccc21,1
595,COc1nc(C)ccc1CN,1
596,O=C(Nc1c(C(=O)O)ccc2ccccc12)OCC1c2ccccc2-c2ccccc21,1
597,O=C(O)C[C@H]1Cc2ccccc2CN1C(=O)OCC1c2ccccc2-c2ccccc21,1
598,Cl.NCCC1CC1,1
599,NCCc1coc2ccccc12,1
600,N#Cc1c(N)sc2c1CCCC2,1
601,COc1ccc(N)cc1Cl.Cl,1
602,Nc1nc(-c2ccc(Cl)cc2)cs1,1
603,COc1ccnc(N)n1,1
604,Cc1c(CN)oc2ccc(F)cc12.Cl,1
605,CC1(C)OB(c2ccc(N)cc2)OC1(C)C,1
606,NCC1(CO)CCOC1,1
607,COc1nc(Br)ccc1N,1
608,Cc1ccc(N)c(CO)c1,1
609,Nc1ccc([N+](=O)[O-])c(Br)c1,1
610,CC1(F)CCN(CCN)C1.Cl.Cl,1
611,O=C(Nc1ccc(C(=O)O)cc1F)OCC1c2ccccc2-c2ccccc21,1
612,Nc1nc2cc([N+](=O)[O-])ccc2[nH]1,1
613,Cl.NCC1CCOCC12CCCC2,1
614,O=C(Nc1cnccc1C(=O)O)OCC1c2ccccc2-c2ccccc21,1
615,Nc1ncc(Cl)cc1Cl,1
616,COc1cc(C(=O)O)c(N)cc1NC(=O)OCC1c2ccccc2-c2ccccc21,1
617,COc1cc(CN)sn1.Cl.Cl,1
618,COC(=O)c1nc(Cl)c(Cl)nc1N,1
619,Cn1ccc2cc(N)ccc21,1
620,CCOC(=O)c1sc(N)nc1C,1
621,O=C(Nc1c(OC(F)(F)F)cccc1C(=O)O)OCC1c2ccccc2-c2ccccc21,1
622,O=C(Nc1ccc(F)cc1C(=O)O)OCC1c2ccccc2-c2ccccc21,1
623,COC(CN)C1CCCOC1,1
624,CCOC(=O)c1nnc(N)o1,1
625,O=C(N[C@H](Cc1ccc([N+](=O)[O-])cc1)C(=O)O)OCC1c2ccccc2-c2ccccc21,1
626,CC(C)(C)OC(=O)CC(NC(=O)OCC1c2ccccc2-c2ccccc21)C(=O)O,1
627,Cc1cccc(NC(=O)OCC2c3ccccc3-c3ccccc32)c1C(=O)O,1
628,Cl.Cl.NCCNC(=O)c1cnccn1,1
629,NCCC(=O)NC1CCCC1,1
630,O=C(Nc1c(C(=O)O)cccc1C(=O)O)OCC1c2ccccc2-c2ccccc21,1
631,Nc1nc(-c2cccc([N+](=O)[O-])c2)cs1,1
632,NCc1cccc(C(=O)N2CCCC2)c1,1
633,Nc1ncc(F)cn1,1
634,Nc1ccc(-n2cncn2)cc1,1
635,Nc1cc(F)cc(F)c1,1
636,O=C(N[C@@H](Cc1ccc([N+](=O)[O-])cc1)C(=O)O)OCC1c2ccccc2-c2ccccc21,1
637,COc1ccc(CN)c(C)c1OC,1
638,Nc1ccc(O)cn1,1
639,COc1ccc(OC)c(N)c1,1
640,COc1cccc(F)c1CN,1
641,Cc1cc(N)cnc1Br,1
642,Cc1cc(F)ncc1CN,1
643,O=C(Nc1c(Cl)c(Cl)nc(C(=O)O)c1Cl)OCC1c2ccccc2-c2ccccc21,1
644,O=C(Nc1ccc([N+](=O)[O-])c(C(=O)O)c1)OCC1c2ccccc2-c2ccccc21,1
645,COCC1(CN)CCCCC1,1
646,Nc1ncc([N+](=O)[O-])s1,1
647,CCn1cc2cc(N)ccc2n1,1
648,Nc1cc(Cl)ccc1F,1
649,CC1CCc2nc(CN)sc2C1,1
650,O=C(Nc1c(F)cc(C(=O)O)cc1F)OCC1c2ccccc2-c2ccccc21,1
651,Nc1ccc([N+](=O)[O-])c(F)c1,1
652,O=C(Nc1cc(C(=O)O)cc(C(=O)O)c1)OCC1c2ccccc2-c2ccccc21,1
653,Nc1cccc2cnccc12,1
654,CC(C)NC(=O)NCCN.Cl.Cl,1
655,CN(C)c1ncccc1CN.Cl.Cl,1
656,Cl.Cl.NCc1nc2c(s1)CCC2,1
657,O=C(Nc1ccc(C(F)(F)F)cc1C(=O)O)OCC1c2ccccc2-c2ccccc21,1
658,NCC(O)COc1ccccc1Br,1
659,O=C(Nc1cc2ccccc2cc1C(=O)O)OCC1c2ccccc2-c2ccccc21,1
660,O=C(Nc1ccc(C(=O)O)c([N+](=O)[O-])c1)OCC1c2ccccc2-c2ccccc21,1
661,NCC1CSCCN1Cc1ccccc1,1
662,Nc1nc2c(s1)COCC2,1
663,O=C(Nc1c(Cl)cccc1C(=O)O)OCC1c2ccccc2-c2ccccc21,1
664,O=C(Nc1c(I)cccc1C(=O)O)OCC1c2ccccc2-c2ccccc21,1
665,NCC1CC2(CC2)CO1,1
666,Cl.Cl.NCCc1nc2c(s1)COCC2,1
667,Cl.NCC1(F)CCCCC1,1
668,Cl.NCC1OCCc2ccsc21,1
669,COC(=O)c1sc(-c2ccc(Cl)cc2)cc1N,1
670,NCc1ccncn1,1
671,O=C(Nc1ccccc1C(=O)c1ccccc1C(=O)O)OCC1c2ccccc2-c2ccccc21,1
672,Nc1nc2cc(Br)ccn2n1,1
673,CCOc1cc(N)ccn1,1
674,O=C(Nc1cc(C(=O)O)ccc1Cl)OCC1c2ccccc2-c2ccccc21,1
675,Cl.NCc1nnc2c(=O)[nH]ccn12,1
676,NCc1ccsc1,1
677,O=C(O)C[C@@H](Cc1ccc(I)cc1)NC(=O)OCC1c2ccccc2-c2ccccc21,1
678,O=C(NC1(C(=O)O)CC1)OCC1c2ccccc2-c2ccccc21,1
679,C=CC[C@@H](NC(=O)OCC1c2ccccc2-c2ccccc21)C(=O)O,1
680,O=C(Nc1c(C(=O)O)cnn1CCO)OCC1c2ccccc2-c2ccccc21,1
681,COCOCCCN,1
682,Nc1ccc2nsnc2c1,1
683,O=C(N[C@@H](Cc1c(F)c(F)c(F)c(F)c1F)C(=O)O)OCC1c2ccccc2-c2ccccc21,1
684,NCc1c[nH]c2ccccc12,1
685,Nc1ccc([N+](=O)[O-])c(C(F)(F)F)c1,1
686,Cc1cn(-c2cc(N)cc(C(F)(F)F)c2)cn1,1
687,CC(=O)SCCN.Cl,1
688,Cc1cc(O)cc(C)c1N,1
689,Cl.NCCNC(=O)c1ccno1,1
690,Cc1cc(Cl)nc(Cl)c1N,1
691,O=C(Nc1cccc([N+](=O)[O-])c1C(=O)O)OCC1c2ccccc2-c2ccccc21,1
692,Cc1nccnc1N,1
693,COc1ccc(N)c(Cl)c1,1
694,NCC12CCCC(CO1)C2,1
695,Cl.NCc1cc(=O)[nH]c2ccccc12,1
696,NCc1ccnc(-n2cncn2)c1,1
697,Nc1cccc2[nH]ccc12,1
698,N#Cc1cnn(-c2ccccc2)c1N,1
699,Cl.NCCCN1C(=O)CCC1=O,1
700,N#Cc1ncc(N)cc1C(F)(F)F,1
701,Cc1nc(CCN)sc1C,1
702,O=C(Nc1c(F)cc(Br)cc1C(=O)O)OCC1c2ccccc2-c2ccccc21,1
703,O=C(Nc1ccc2cc(C(=O)O)ccc2c1)OCC1c2ccccc2-c2ccccc21,1
704,C#CC[C@@H](NC(=O)OCC1c2ccccc2-c2ccccc21)C(=O)O,1
705,Nc1n[nH]c2ncccc12,1
706,Cl.NCC1CCCC1,1
707,O=C(N[C@@H](Cc1ccc(Cl)cc1Cl)C(=O)O)OCC1c2ccccc2-c2ccccc21,1
708,Nc1ccccc1-c1nnn[nH]1,1
709,O=C(Nc1c(C(=O)O)cc(Cl)c(Br)c1F)OCC1c2ccccc2-c2ccccc21,1
710,Cc1c(N)cccc1Br,1
711,N#Cc1cccnc1N,1
712,Cl.NCCC1CN(c2ncnc3[nH]ncc23)c2ccccc21,1
713,Cl.Cl.NCc1ccc(O)c2ncccc12,1
714,Cl.NCCCCN1C(=O)c2ccccc2C1=O,1
715,Cl.Cl.NCc1ccncc1C(F)(F)F,1
716,Nc1ccc(Cn2ccnc2)cc1,1
717,Nc1ccc2[nH]c(=O)[nH]c2c1,1
718,NCc1cn2cc(Cl)ccc2n1,1
719,Cl.NCc1nc2ccccc2c(=O)[nH]1,1
720,Nc1ccc2c(c1)CCC2=O,1
721,Cl.NCCS(=O)(=O)Nc1ccccc1,1
722,O=C(O)C[C@H](Cc1ccc(Cl)c(Cl)c1)NC(=O)OCC1c2ccccc2-c2ccccc21,1
723,CS(=O)(=O)c1cccc(N)c1,1
724,O=C(O)[C@H]1CCCCN1C(=O)OCC1c2ccccc2-c2ccccc21,1
725,Cc1ccccc1-c1csc(N)n1,1
726,NCc1cc(=O)c(O)co1,1
727,Cl.Cl.NCc1nnc(C2CCOC2)[nH]1,1
728,Nc1nccs1,1
729,NCc1ccsc1Br,1
730,Nc1nc(C2CC2)cs1,1
731,Cl.NCC1CCC2(CCC2)CO1,1
732,N#Cc1ccc([C@H](CC(=O)O)NC(=O)OCC2c3ccccc3-c3ccccc32)cc1,1
733,CC(C)(C)c1ocnc1CN.Cl,1
734,Nc1ccc(F)cc1Cl,1
735,Cc1sc(CCN)nc1-c1ccccc1.Cl.Cl,1
736,Nc1ccc2c(c1)CCCC2=O,1
737,Nc1cccnc1Cl,1
738,Nc1ncc(Cl)cc1F,1
739,Nc1ncccc1CO,1
740,CCN1CCN(Cc2ccc(N)nc2)CC1,1
741,Nc1nc2ccccc2s1,1
742,NCc1nc(-c2ccsc2)no1,1
743,Cl.Cl.NCc1ccc(-n2cncn2)cc1,1
744,NCCC1OCCc2ccccc21,1
745,Nc1ncc(F)cc1[N+](=O)[O-],1
746,CCC1COCCN1CCN.Cl.Cl,1
747,Nc1nc2ccc(Cl)cc2s1,1
748,Nc1cc(N2CCNCC2)ccc1[N+](=O)[O-],1
749,Cl.NCCC1CC2(CCC2)CO1,1
750,CSc1ncc(NC(=O)OCC2c3ccccc3-c3ccccc32)c(C(=O)O)n1,1
751,Nc1cn[nH]c1,1
752,NCc1ccc(C(=O)N2CCCC2)cc1,1
753,Cl.Cl.NCCn1cccnc1=O,1
754,NCc1ccc(Oc2cccnc2)c(F)c1,1
755,NCc1sncc1Br,1
756,COC(C)(CN)C1CC1,1
757,O=C(Nc1cccc(C(=O)O)c1C(=O)O)OCC1c2ccccc2-c2ccccc21,1
758,O=C(O)[C@H]1CC2CCCCC2N1C(=O)OCC1c2ccccc2-c2ccccc21,1
759,Nc1nncs1,1
760,Cl.Cl.NCc1cncc(F)c1,1
761,NCc1ccccc1N1CCOCC1,1
762,COc1c(N)cccc1F,1
763,Nc1nc2ccc(Cl)cc2o1,1
764,COc1ncc(N)cc1C(F)(F)F,1
765,Cn1ccc(S(=O)(=O)NCCN)c1,1
766,Nc1ncccc1F,1
767,Cl.Cl.NCc1nc2cnccc2s1,1
768,O=C(N[C@@H](C(=O)O)C1CCCCC1)OCC1c2ccccc2-c2ccccc21,1
769,CS(=O)(=O)NC(=O)CCN.Cl,1
770,Nc1ccc(Br)c(F)n1,1
771,CN1C(=O)Cc2cc(CN)ccc21.Cl,1
772,O=C(NCC1CCC(C(=O)O)CC1)OCC1c2ccccc2-c2ccccc21,1
773,O=C(Nc1cc(Cl)cc(C(=O)O)c1)OCC1c2ccccc2-c2ccccc21,1
774,Nc1ccncc1[N+](=O)[O-],1
775,CN(C(=O)OCC1c2ccccc2-c2ccccc21)[C@@H](CC1CCCCC1)C(=O)O,1
776,CNC(=O)COCCN.Cl,1
777,O=C(O)[C@@H]1Cc2ccc(O)cc2CN1C(=O)OCC1c2ccccc2-c2ccccc21,1
778,CC(=O)c1cccc(N)c1,1
779,Nc1cncnc1,1
780,Cc1cnc(N)s1,1
781,NCc1nccs1,1
782,Cl.NCc1ccc(-c2nnn[nH]2)cc1,1
783,Cc1cc(CN)c(C)s1,1
784,Cl.NCC(=O)N1CCCO1,1
785,CCOC(=O)c1cc(N)[nH]n1,1
786,COc1c(F)ccc(C(=O)O)c1NC(=O)OCC1c2ccccc2-c2ccccc21,1
787,Nc1ccc(OC(F)F)cc1,1
788,O=C(N[C@H](C(=O)O)C1CC1)OCC1c2ccccc2-c2ccccc21,1
789,Cl.Cl.NCC1(c2ccncc2)CC1,1
790,Nc1ccc2c(c1)OCCCO2,1
791,Nc1ccc(F)cc1F,1
792,COC1CCC(CCN)CC1,1
793,Cl.NC[C@H]1CC[C@H](C(N)=O)CC1,1
794,Cc1nnc(CCCN)s1.Cl,1
795,N#Cc1cncnc1N,1
796,CS(=O)C1(CN)CCC1,1
797,Cc1cc([N+](=O)[O-])c(N)cc1Cl,1
798,Cl.NCCOC1CCS(=O)(=O)C1,1
799,O=C(Nc1c(F)cccc1C(=O)O)OCC1c2ccccc2-c2ccccc21,1
800,O=C(Nc1c(Cl)cc(Cl)nc1C(=O)O)OCC1c2ccccc2-c2ccccc21,1
801,O=C(Nc1c(Br)cc(C(=O)O)cc1Br)OCC1c2ccccc2-c2ccccc21,1
802,CCON(CC)C(=O)CN.Cl,1
803,COc1cc(C)c(N)cn1,1
804,O=C(O)C1c2ccccc2CN1C(=O)OCC1c2ccccc2-c2ccccc21,1
805,O=C(N[C@@H](Cc1ccc(F)c(F)c1)C(=O)O)OCC1c2ccccc2-c2ccccc21,1
806,Cl.NCc1noc(C2CCOCC2)n1,1
807,Nc1ncc(Cl)nc1Cl,1
808,C=C(Cl)CN.Cl,1
809,C[Si](C)(C)C#Cc1ccc(N)cn1,1
810,Nc1ccc2ncoc2c1,1
811,O=C(Nc1cc(C(=O)O)ccc1C(F)(F)F)OCC1c2ccccc2-c2ccccc21,1
812,NCc1ccc2[nH]ccc2c1,1
813,Nc1ccnc(Cl)c1,1
814,NCc1cn(-c2ccccc2)nc1-c1ccncc1,1
815,CN1CCN(CCN)CC1,1
816,Cl.Cl.NCc1ccc[n+]([O-])c1,1
817,Cc1cccc(C(=O)O)c1NC(=O)OCC1c2ccccc2-c2ccccc21,1
818,Nc1nccc(Cl)n1,1
819,O=C(Nc1ccc(I)cc1C(=O)O)OCC1c2ccccc2-c2ccccc21,1
820,N#Cc1ccc(C[C@H](CC(=O)O)NC(=O)OCC2c3ccccc3-c3ccccc32)cc1,1
821,Nc1[nH]c(=O)ncc1F,1
822,Cl.Cl.NCc1cc2n(n1)CCCO2,1
823,CC(C)(C)OC(=O)n1ncc2cc(N)ccc21,1
824,Nc1ccc2ncccc2c1,1
825,O=C(N[C@H]1C=C[C@@H](C(=O)O)C1)OCC1c2ccccc2-c2ccccc21,1
826,O=C(Nc1ccc(Cl)cc1C(=O)O)OCC1c2ccccc2-c2ccccc21,1
827,Nc1ccc(N2CCC=C(N3CCOCC3)C2=O)cc1,1
828,Nc1ccc2[nH]ncc2c1,1
829,CS(=O)(=O)NC1CCCC1CN.Cl,1
830,CNC(=O)c1ccc(N)cc1F,1
831,O=C(Nc1ccc(C(=O)O)cc1)OCC1c2ccccc2-c2ccccc21,1
832,CN(CCN)C1CCOCC1,1
833,Nc1ncccc1C=O,1
834,Nc1ccnc(Cl)n1,1
835,Cl.NCCc1ccno1,1
836,O=C(Nc1nc(Cl)ccc1C(=O)O)OCC1c2ccccc2-c2ccccc21,1
837,O=C(Nc1cc(Br)ccc1C(=O)O)OCC1c2ccccc2-c2ccccc21,1
838,Cc1cccc(OCCCN)c1C.Cl,1
839,O=C(Nc1cccc(F)c1C(=O)O)OCC1c2ccccc2-c2ccccc21,1
840,Cl.Cl.NCc1nccc2[nH]ccc12,1
841,Nc1nc(Cl)c(C=O)c(Cl)n1,1
842,COC(=O)c1cc(Cl)ccc1N,1
843,Cc1cccc(N)c1Cl,1
844,O=C(Nc1ccc(C(=O)O)cc1C(F)(F)F)OCC1c2ccccc2-c2ccccc21,1
845,COc1cnc(N)nc1,1
846,Nc1nc2c(Br)cccc2s1,1
847,COc1cccc(C(=O)O)c1NC(=O)OCC1c2ccccc2-c2ccccc21,1
848,NCC1CCC(F)(F)CC1,1
849,Nc1cc(F)c(F)cc1Br,1
850,Nc1ccc2c(c1)C(=O)CCC2,1
851,Cl.Cn1nnc(CN)c1C(F)F,1
852,Cc1cc(C)c(N)c([N+](=O)[O-])c1,1
853,Cc1cc(Br)c(NC(=O)OCC2c3ccccc3-c3ccccc32)c(C(=O)O)c1,1
854,COC1(CN)CCC1,1
855,C=CCOCCCN,1
856,COC[C@H](CN)OC,1
857,NCC12CC=CC(C1)OC2,1
858,CC(CN)Oc1ccc(Cl)cc1,1
859,NCCCc1cc(=O)[nH][nH]1,1
860,Cl.NCC1CC(C(N)=O)=NO1,1
861,O=C(N[C@H](Cc1ccccc1Cl)C(=O)O)OCC1c2ccccc2-c2ccccc21,1
862,Cl.NCC1(O)C2C3CC4C5C3CC2C5C41,1
863,O=C(NC1(C(=O)O)CCCC1)OCC1c2ccccc2-c2ccccc21,1
864,O=C(Nc1ccc(C(=O)O)cn1)OCC1c2ccccc2-c2ccccc21,1
865,CN1CC(CN)CC1=O,1
866,COc1ccc(C(CN)N2CCOCC2)cc1OC,1
867,O=C(Nc1ccc(C(=O)O)nc1)OCC1c2ccccc2-c2ccccc21,1
868,O=C(Nc1cc(C(=O)O)ccc1Br)OCC1c2ccccc2-c2ccccc21,1
869,O=C(O)C[C@H](Cc1ccc(Cl)cc1)NC(=O)OCC1c2ccccc2-c2ccccc21,1
870,Nc1ccc2c(c1)OCO2,1
871,Nc1cccc(OCc2ccccc2)c1,1
872,CC(=O)Nc1cccc(N)n1,1
873,COc1cc(N)cc(OC)c1,1
874,Cl.Cl.NCCc1nccn1C(F)F,1
875,Cc1cc(N)ncc1[N+](=O)[O-],1
876,Nc1nc(-c2cccnc2)cs1,1
877,Cl.NCCOc1ccc(F)c(F)c1,1
878,COc1cncc(N)n1,1
879,Nc1nc(OCc2ccccc2)c2nc[nH]c2n1,1
880,O=C(Nc1ccc(C(=O)O)cc1O)OCC1c2ccccc2-c2ccccc21,1
881,CO[C@@H]1COC[C@H]1n1cc(CN)nn1.Cl,1
882,O=C(O)C[C@@H](Cc1ccc(Cl)cc1)NC(=O)OCC1c2ccccc2-c2ccccc21,1
883,Cc1cc(N)ccn1,1
884,O=C(Nc1cc(F)ccc1C(=O)O)OCC1c2ccccc2-c2ccccc21,1
885,Cc1ccc(CN)nc1C.Cl.Cl,1
886,Cc1ccc(C)c(CN)n1,1
887,CSc1ccc(CN)cc1C#N.Cl,1
888,Nc1ccc2nccn2c1,1
889,O=C(Nc1cc(I)ccc1C(=O)O)OCC1c2ccccc2-c2ccccc21,1
890,O=C(O)[C@@H]1C[C@@H]2CCCC[C@@H]2N1C(=O)OCC1c2ccccc2-c2ccccc21,1
891,CC(=O)c1ccc(N)c(F)c1,1
892,CCS(=O)(=O)N1CC(CN)C1.Cl,1
893,Cl.Cn1cc(CN)c(Br)n1,1
894,O=C(Nc1cc(Cl)ccc1C(=O)O)OCC1c2ccccc2-c2ccccc21,1
895,Nc1ccc(F)c(C(F)(F)F)c1,1
896,COc1cc(CN)c2ccccc2n1,1
897,Nc1ccc(-c2ccccc2)cn1,1
898,CC(C)(C)OC(=O)N1CCC(n2cc(N)cn2)CC1,1
899,CN(C)C(=O)C1CCC(CN)O1.Cl,1
900,Cl.NCC1CNC(=O)C1,1
901,Cn1cncc1C(CN)N1CCCC1,1
902,Cl.Cl.NCc1nnc2n1CCOCC2,1
903,CC1(C)NC(=O)N(CCCN)C1=O.Cl,1
904,NCCC(=O)N1CCN(c2ccccn2)CC1,1
905,Cl.Nc1ccc(O)cc1Cl,1
906,CCOC(=O)c1cnc(N)cn1,1
907,COc1cc(NC(=O)OCC2c3ccccc3-c3ccccc32)c(C(=O)O)cc1OC,1
908,COC(=O)c1scc(C)c1N,1
909,O=C(N[C@H](CC1CCCC1)C(=O)O)OCC1c2ccccc2-c2ccccc21,1
910,Nc1ncnc2[nH]ncc12,1
911,Cl.NCc1nc(-c2ccco2)n[nH]1,1
912,COC(CN)CC(N)=O.Cl,1
913,Cc1ccc(F)c(N)c1,1
914,O=C(Nc1cc(Br)cc(C(=O)O)c1)OCC1c2ccccc2-c2ccccc21,1
915,Nc1cccc(F)n1,1
916,N#Cc1ccc(N)cc1,1
917,O=C(O)C[C@@H](Cc1ccc(Cl)c(Cl)c1)NC(=O)OCC1c2ccccc2-c2ccccc21,1
918,Cl.NCc1nnc(-c2ccncc2)[nH]1,1
919,Nc1ccncn1,1
920,O=C(Nc1cc(F)cc(F)c1C(=O)O)OCC1c2ccccc2-c2ccccc21,1
921,Nc1cnccn1,1
922,CN1CCN(C(=O)CCN)CC1,1
923,Cl.Cl.NCC1(N2CCOCC2)CCOCC1,1
924,C#CCOc1ccc(CN)cc1.Cl,1
925,Nc1ncnc2c1ncn2C1CCCCO1,1
926,Cl.NCc1cc2ccccc2[nH]c1=O,1
927,Cc1cc(O)ccc1N,1
928,Cc1nc(Cl)ccc1N,1
929,O=C(O)[C@@H]1Cc2ccccc2CN1C(=O)OCC1c2ccccc2-c2ccccc21,1
930,O=C(O)CC(NC(=O)OCC1c2ccccc2-c2ccccc21)c1ccc(Br)cc1,1
931,O=C(Nc1cc([N+](=O)[O-])ccc1C(=O)O)OCC1c2ccccc2-c2ccccc21,1
932,O=C(Nc1cccc(I)c1C(=O)O)OCC1c2ccccc2-c2ccccc21,1
933,Cc1ccncc1N,1
934,O=C(N[C@@H](Cc1ccc(F)cc1)C(=O)O)OCC1c2ccccc2-c2ccccc21,1
935,CC(C)c1nc(N)sc1Br,1
936,Cc1ccc(O)c(CN)n1.Cl.Cl,1
937,O=C(Nc1cccc(-c2cccc(C(=O)O)c2)c1O)OCC1c2ccccc2-c2ccccc21,1
938,Nc1cn2nc(Cl)ccc2n1,1
939,Cn1c(N)cc(=O)n(C)c1=O,1
940,Nc1ccc2nccnc2c1Br,1
941,O=C(NC[C@H]1CC[C@H](C(=O)O)CC1)OCC1c2ccccc2-c2ccccc21,1
942,Cc1ccc(CN)c(OC2CCOC2)c1,1
943,Nc1cc[nH]c(=O)c1,1
944,Cl.NCCC(=O)NCc1ccccc1,1
945,Nc1cc(Cl)nnc1Cl,1
946,Cc1cc(N)n(C(C)C)n1,1
947,O=C(O)C[C@@H](NC(=O)OCC1c2ccccc2-c2ccccc21)c1cccc([N+](=O)[O-])c1,1
948,O=C(Nc1c(C(=O)O)sc2ncccc12)OCC1c2ccccc2-c2ccccc21,1
949,Cc1cc(N)ncn1,1
950,Nc1ccc(N2CCCC2=O)cc1,1
951,O=C(N[C@@H](Cc1cccs1)C(=O)O)OCC1c2ccccc2-c2ccccc21,1
952,CC(CN)c1c(Cl)cccc1Cl,1
953,COC(=O)c1ccnc(N)c1,1
954,Nc1cnc(Cl)nc1,1
955,Nc1nnc(S)s1,1
956,N#Cc1ccc(C[C@@H](CC(=O)O)NC(=O)OCC2c3ccccc3-c3ccccc32)cc1,1
957,C#Cc1cccc(N)c1,1
958,N#Cc1ccc(N)cc1C(F)(F)F,1
959,N#Cc1ccsc1N,1
960,Cc1nnsc1CN,1
961,CC(C)(CN)CCC#N,1
962,COc1ccnc(N)c1,1
963,O=C(NCc1cccc(C(=O)O)c1)OCC1c2ccccc2-c2ccccc21,1
964,Nc1ncncc1Br,1
965,COc1cc2nc(Cl)nc(N)c2cc1OC,1
966,CCOCCCN,1
967,Nc1nc(Cl)c2cc[nH]c2n1,1
968,Cl.NCCOCC(F)F,1
969,Cc1n[nH]c(N)c1C,1
970,NC1COC1,1
971,NCC1(CO)CC=CC1,1
972,Nc1ccc(-n2cccc2)cc1,1
973,CC(C)(C)OC(=O)N1CCN(c2ccccc2N)CC1,1
974,CS(=O)(=O)Nc1cccc(N)c1,1
975,O=C(N[C@H](C(=O)O)C1CCCCC1)OCC1c2ccccc2-c2ccccc21,1
976,Nc1ccnc(-c2ccccc2)c1,1
977,NCc1ccon1,1
978,CN(CC(F)(F)F)C(=O)CN.Cl,1
979,CN1CC(CCN)CC1=O,1
980,CCOc1cc2c(cc1CN)OC(C)C2.Cl,1
981,COc1c(F)ccc(F)c1CN.Cl,1
982,O=C(O)C[C@@H](NC(=O)OCC1c2ccccc2-c2ccccc21)c1ccc(Cl)cc1,1
983,Cl.Cl.NCC1CCN(C(N)=O)C1,1
984,Cn1nccc1[C@@H]1OCC[C@H]1CN,1
985,O=C(Nc1c(Br)cc(F)cc1C(=O)O)OCC1c2ccccc2-c2ccccc21,1
986,NCc1ccccc1CN1CCCC1=O,1
987,Cl.NC1CCC(=O)CC1,1
988,CC1(CN)CCC2(CC1)OCCO2,1
989,Cc1cc(Br)cc(C(=O)O)c1NC(=O)OCC1c2ccccc2-c2ccccc21,1
990,COc1cnc(N)cn1,1
991,COC(=O)c1cc(N)cc(O)c1,1
992,Cn1cc(CN)cn1,1
993,Nc1ccc(C(=O)N2CCOCC2)cc1,1
994,Nc1cccnc1F,1
995,CS(=O)(=O)c1ccc(C(=O)O)c(NC(=O)OCC2c3ccccc3-c3ccccc32)c1,1
996,NCC1CCCn2ccnc21,1
997,O=C(Nc1nc(-c2ccc(C(=O)O)cc2)cs1)OCC1c2ccccc2-c2ccccc21,1
998,Nc1ccc(-c2ncc[nH]2)cc1,1
999,O=C(O)C[C@@H](NC(=O)OCC1c2ccccc2-c2ccccc21)c1ccc(Br)cc1,1
1000,O=C(O)C[C@@H](Cc1ccc(Br)cc1)NC(=O)OCC1c2ccccc2-c2ccccc21,1
1001,NC1=NC(=O)CS1,1
1002,NCc1nc2c(s1)CCCC2,1
1003,O=C(Nc1ccnc(C(=O)O)c1)OCC1c2ccccc2-c2ccccc21,1
1004,Nc1ccc(-c2cnco2)cc1,1
1005,NC[C@@H]1C[C@@H]2C=C[C@H]1C2,1
1006,C#CC[C@H](CC(=O)O)NC(=O)OCC1c2ccccc2-c2ccccc21,1
1007,O=C(O)C[C@@H](NC(=O)OCC1c2ccccc2-c2ccccc21)c1ccc(C(F)(F)F)cc1,1
1008,Nc1cncc(F)c1,1
1009,COC(=O)c1cc(OC)c(OC)cc1N,1
1010,CN(Cc1ccco1)Cc1ccccc1CN,1
1011,O=C(N[C@H]1CC[C@H](C(=O)O)CC1)OCC1c2ccccc2-c2ccccc21,1
1012,COc1cnc(CN)cn1.Cl.Cl,1
1013,Nc1ccc2cnccc2c1,1
1014,C=CCC(CC=C)(NC(=O)OCC1c2ccccc2-c2ccccc21)C(=O)O,1
1015,Cl.NCc1nc2ccccc2o1,1
1016,COc1ccccc1-c1nnc(N)s1,1
1017,CS(=O)(=O)Nc1ccc(-c2csc(N)n2)cc1,1
1018,Cc1nncn1CCCN.Cl,1
1019,Cl.NCC(=O)NC1CCC1,1
1020,CCN1C(=O)C[C@H](CN)[C@H]1c1ccncc1,1
1021,COC(=O)c1ccc(N)cc1C,1
1022,Cl.NCC(=O)NCc1ccncc1,1
1023,Cc1cc(N)nnc1Cl,1
1024,COc1ccc(N)cc1OC,1
1025,Cl.NCC1CC2CC1C1CC21,1
1026,C=CCOCCN,1
1027,Nc1nc(Cl)c2cn[nH]c2n1,1
1028,NCc1c(Br)cncc1Br,1
1029,COc1ccc(N)nc1,1
1030,NCCc1nccc(C2CC2)n1,1
1031,Cc1ccccc1[C@@H](CC(=O)O)NC(=O)OCC1c2ccccc2-c2ccccc21,1
1032,CC1CCCC(CN)O1,1
1033,CC(O)(CN)CN1CCOCC1,1
1034,Nc1cc(Cl)nc(Cl)c1[N+](=O)[O-],1
1035,COC(=O)c1ccc(N)cc1O,1
1036,O=C(Nc1cc(C(=O)O)ccc1C(=O)O)OCC1c2ccccc2-c2ccccc21,1
1037,NCc1cc(C(F)F)on1,1
1038,NCCC(=O)NCc1ccncc1,1
1039,Nc1cccc(CN2CCCCC2)c1,1
1040,Cl.Cl.NCc1cc(Br)cc2cccnc12,1
1041,CC1CN(c2cc(CN)ccn2)CCO1,1
1042,CN(C)C(CN)c1ccco1,1
1043,Cn1cc(C2(CN)CCCO2)cn1,1
1044,Cl.Cl.NCC(=O)Nc1nccs1,1
1045,N#Cc1ccccc1N,1
1046,Nc1ccc(N2CCOCC2)cn1,1
1047,COc1cccc(-c2cc(N)on2)c1,1
1048,COc1ccc(C)nc1CN.Cl.Cl,1
1049,CC(=O)c1ccc(C[C@H](NC(=O)OCC2c3ccccc3-c3ccccc32)C(=O)O)cc1,1
1050,O=C(NC(CCc1ccccc1)C(=O)O)OCC1c2ccccc2-c2ccccc21,1
1051,Cc1nc(CN)oc1C.Cl.Cl,1
1052,C=CCC(NC(=O)OCC1c2ccccc2-c2ccccc21)C(=O)O,1
1053,O=C(N[C@@H](Cc1ccsc1)C(=O)O)OCC1c2ccccc2-c2ccccc21,1
1054,Cc1c(N)cccc1F,1
1055,COc1ccc(Cl)c(N)c1.Cl,1
1056,O=C(N[C@H]1CCC[C@@H]1C(=O)O)OCC1c2ccccc2-c2ccccc21,1
1057,NCCC1CSC1,1
1058,Cl.Cl.NCCn1cc(C2CC2)nn1,1
1059,CCS(=O)(=O)c1cc(C(=O)O)c(OC)cc1NC(=O)OCC1c2ccccc2-c2ccccc21,1
1060,COC(=O)c1scnc1N,1
1061,Cl.NCc1cnc2n1CCOC2,1
1062,CCSCCN.Cl,1
1063,Cl.NCc1nnc2ncccn12,1
1064,CN(C)c1cccnc1CN,1
1065,CS(=O)CCCCN,1
1066,Cc1cnc(N)cn1,1
1067,Cl.NCC1Cc2ccccc2NC1=O,1
1068,Cl.NC[C@@H]1C[C@@H]2O[C@H]1[C@H]1C[C@H]12,1
1069,COc1cccc(N)c1F,1
1070,Nc1ccsc1.O=C(O)C(=O)O,1
1071,Cc1cc(C)nc(N)n1,1
1072,Nc1cnc(Br)cn1,1
1073,Cc1nc(CN)ccc1C(C)O.Cl.Cl,1
1074,O=C(Nc1ncc(Br)cc1C(=O)O)OCC1c2ccccc2-c2ccccc21,1
1075,O=C(NC(Cc1ccccc1)C(=O)O)OCC1c2ccccc2-c2ccccc21,1
1076,Nc1ccc(N2CCOCC2=O)cc1,1
1077,Cl.Nc1ccc2cccnc2c1,1
1078,Cc1nc(Cl)c(N)c(Cl)n1,1
1079,O=C(O)Cc1ccc(NC(=O)OCC2c3ccccc3-c3ccccc32)cc1,1
1080,CCON(C)C(=O)CN.Cl,1
1081,COC(=O)c1nc(N)sc1Br,1
1082,NCC(c1cccc(F)c1)N1CCOCC1,1
1083,CN1CCO[C@@H](CN)[C@@H]1c1cnn(C)c1,1
1084,Cc1cc(Cl)ncc1N,1
1085,Nc1ccc2cc(Br)ccc2c1,1
1086,O=C(O)[C@@H]1Cc2ccccc2N1C(=O)OCC1c2ccccc2-c2ccccc21,1
1087,CCOC(=O)c1ncccc1N,1
1088,CC(C)(C)OC(=O)N1CCN(C(=O)OCC2c3ccccc3-c3ccccc32)C1C(=O)O,1
1089,O=C(Nc1c(I)c(C(=O)O)c(I)c(C(=O)O)c1I)OCC1c2ccccc2-c2ccccc21,1
1090,Cc1csc(N)n1,1
1091,Cl.Cl.N=C(N)CCCN,1
1092,Nc1n[nH]c2c(Cl)cc([N+](=O)[O-])cc12,1
1093,Cl.NCC(F)(F)C(F)(F)F,1
1094,O=C(Nc1cc(F)c(Br)cc1C(=O)O)OCC1c2ccccc2-c2ccccc21,1
1095,Cl.Cl.NCc1ncccc1F,1
1096,COc1nc(C)nc(N)n1,1
1097,O=C(Nc1ccc(C(=O)O)cc1OC(F)(F)F)OCC1c2ccccc2-c2ccccc21,1
1098,NCc1cnn(Cc2ccccc2)c1,1
1099,CCOC(=O)c1cnc(SC)nc1N,1
1100,Cc1c(Br)cncc1CN.Cl.Cl,1
1101,COC(=O)c1cc(Cl)nc(Cl)c1N,1
1102,COC(=O)Cc1nc(N)sc1C,1
1103,Nc1cc(Br)cn2ccnc12,1
1104,N#Cc1cc(N)ccc1F,1
1105,Cl.NCC(F)(F)C1CC1,1
1106,Nc1ncc([N+](=O)[O-])cn1,1
1107,Cl.Cl.Cn1ccnc1Cn1c(CCCN)nc2c1CCCC2,1
1108,Cc1conc1CN,1
1109,COC(=O)c1cncc(N)c1,1
1110,O=C(Nc1ccc(C(=O)O)cc1Cl)OCC1c2ccccc2-c2ccccc21,1
1111,CC1=CCN(CCN)CC1.Cl.Cl,1
1112,Cl.NCc1cccc2cc[nH]c12,1
1113,O=C(Nc1cc(Cl)nc(C(=O)O)c1Cl)OCC1c2ccccc2-c2ccccc21,1
1114,CCC(C)(O)CCN,1
1115,CCC(CN)Oc1ccccc1C.Cl,1
1116,CSSCCN.Cl,1
1117,COCCNC(=O)CN.Cl,1
1118,Nc1ccc(Cl)c(C(F)(F)F)c1,1
1119,Cc1cc(C#N)cnc1N,1
1120,O=C(CC[C@H](NC(=O)OCC1c2ccccc2-c2ccccc21)C(=O)O)OC1CCCCC1,1
1121,Nc1ncc(Cl)c(Cl)n1,1
1122,NCc1cc2c(s1)CCSC2,1
1123,CC(F)(F)CN.Cl,1
1124,Cc1cc(CN)ccc1Oc1ccc(Cl)cc1Cl.Cl,1
1125,CC(CN)Cn1cccn1,1
1126,Nc1ccc(Cl)nc1Cl,1
1127,Cc1cc(Br)c(C(=O)O)cc1NC(=O)OCC1c2ccccc2-c2ccccc21,1
1128,O=C(NC(CC1CCCCC1)C(=O)O)OCC1c2ccccc2-c2ccccc21,1
1129,O=C(Nc1cncc(C(=O)O)n1)OCC1c2ccccc2-c2ccccc21,1
1130,CCC(C)C(NC(=O)OCC1c2ccccc2-c2ccccc21)C(=O)O,1
1131,COC(=O)CC(NC(=O)OCC1c2ccccc2-c2ccccc21)C(=O)O,1
1132,O=C(O)CC1(CNC(=O)OCC2c3ccccc3-c3ccccc32)CCCCC1,1
1133,Cl.NCC1CC2(C1)CC2(F)F,1
1134,O=C(NC1(C(=O)O)CCCCC1)OCC1c2ccccc2-c2ccccc21,1
1135,O=C(N[C@@H](Cc1ccc(I)cc1)C(=O)O)OCC1c2ccccc2-c2ccccc21,1
1136,O=C(N[C@H]1CC[C@@H](C(=O)O)C1)OCC1c2ccccc2-c2ccccc21,1
1137,O=C(O)C1CN(C(=O)OCC2c3ccccc3-c3ccccc32)C1,1
1138,NC[C@]1(CO)COC[C@H]2CCCN21,1
1139,COc1ccncc1CN,1
1140,Cc1nc(N)ccc1Cl,1
1141,CC(CN)N1CCC1,1
1142,CCOC(=O)c1nonc1N,1
1143,Cl.Cl.NCc1ncc[nH]1,1
1144,N#Cc1ccc(C[C@H](NC(=O)OCC2c3ccccc3-c3ccccc32)C(=O)O)cc1,1
1145,CC(C)S(=O)(=O)c1ccc(B(O)O)cc1,0
1146,CC1(C)CCCC1(O)CN,0
1147,O=C(O)C1CCC(F)(F)CO1,0
1148,O=C(O)[C@@]12CCC[C@@H]1C2,0
1149,OB(O)c1cc(OC(F)(F)F)ccc1F,0
1150,OB(O)c1ccc2c(c1)CCC2,0
1151,N#Cc1cc(B(O)O)cs1,0
1152,CC(C)Oc1ncccc1B(O)O,0
1153,CN(c1cc(C(=O)O)cc(Cl)n1)C1CCN(C(=O)OC(C)(C)C)C1,0
1154,COC1(C(=O)O)CC1,0
1155,O=C(O)C1CCCOCC1,0
1156,CN1CCN(c2cccc(N)c2)CC1,0
1157,CN(C)C(=O)Nc1cccc(C(=O)O)c1,0
1158,O=C(O)C1CCN(c2ccc3nnnn3n2)CC1,0
1159,O=C(O)COCCc1cccs1,0
1160,Cc1ccc(B2OC(C)(C)C(C)(C)O2)cc1C#N,0
1161,CCCNS(=O)(=O)c1cccc(C(=O)O)c1,0
1162,Cc1cc(C(F)(F)F)ccc1B(O)O,0
1163,Cn1cc(C(=O)O)c(-c2ccncc2)n1,0
1164,O=C(O)C1CCCC1(F)F,0
1165,C[C@@H]1[C@@H](C(=O)O)C1(F)F,0
1166,Cc1ccc(C(F)(F)F)cc1B(O)O,0
1167,O=C(O)c1cc(-n2cccc2)ccn1,0
1168,Cc1cc(C(=O)O)ccc1N1CCOCC1,0
1169,CCCCOc1cc(OC(F)(F)F)cc(B(O)O)c1,0
1170,CC1(C)OB(c2ccc3ncnn3c2)OC1(C)C,0
1171,CC1(C)OB(C=C2CCC2)OC1(C)C,0
1172,O=C(O)C[C@H](Cc1ccc(Cl)cc1Cl)NC(=O)OCC1c2ccccc2-c2ccccc21,0
1173,O=C(O)c1cn[nH]c1-c1ccncc1,0
1174,Cc1nc2ncnn2c(C)c1CC(=O)O,0
1175,O=C(O)c1cc(Br)cnc1N1CCN(C(=O)OCC2c3ccccc3-c3ccccc32)CC1,0
1176,O=C(O)C(c1ccccc1)n1cccc1,0
1177,CC1(C)C[C@@H]1C(=O)O,0
1178,COC(=O)c1csc(N)n1,0
1179,O=C(O)c1cnc(-c2ccccc2)o1,0
1180,O=C(O)[C@@H]1C[C@H]1F,0
1181,Cl.NCc1cc(Br)ccc1OC(F)F,0
1182,CC1(C)OB(c2cncnc2)OC1(C)C,0
1183,OB(O)c1ccc2cccnc2c1,0
1184,CC1(C)OB(c2cnn3ccccc23)OC1(C)C,0
1185,CCN(CC)C(=O)c1ccccc1B(O)O,0
1186,O=C(Nc1cc(C(=O)O)ccc1F)OCC1c2ccccc2-c2ccccc21,0
1187,Cn1cc(C(=O)O)c(C(F)(F)F)n1,0
1188,O=C(O)c1cnn2c(-c3ccco3)ccnc12,0
1189,CC(C)(C)OCCC(=O)O,0
1190,Cc1cccc(OC(C)C(=O)O)c1,0
1191,CC1(C)OB(C2=CCC(O)CC2)OC1(C)C,0
1192,N#Cc1ccc(N2CCC(C(=O)O)CC2)nc1,0
1193,O=C(O)c1ccnc(OC(F)(F)F)c1,0
1194,CC(C)C(=O)c1c[nH]c(C(=O)O)c1,0
1195,CCC(C)C(=O)O,0
1196,O=C(O)[C@@H]1OC[C@@H]2COCC[C@@H]21,0
1197,Cn1cc(-c2ccoc2C(=O)O)cn1,0
1198,O=C(O)c1cccc(-n2cnnn2)c1,0
1199,CC(=O)Nc1ccc(B2OC(C)(C)C(C)(C)O2)cc1C(F)(F)F,0
1200,Cc1ccc(C)c(B(O)O)c1,0
1201,OB(O)c1ccc(-n2cccn2)cc1,0
1202,O=C(O)c1cccc(N2CC=CC2)c1,0
1203,OB(O)c1cccc2ccsc12,0
1204,O=C(N[C@H]1CCN(c2cc(C(=O)O)cc(Cl)n2)C1)OCC1c2ccccc2-c2ccccc21,0
1205,CCc1ccccc1-n1cc(C(=O)O)nn1,0
1206,CCC(=O)O,0
1207,OB(O)c1cc(OCc2ccccc2)ccc1F,0
1208,CN1CCN(c2ccc(B(O)O)cc2)CC1,0
1209,O=C(O)c1cccc(Oc2ncccn2)c1,0
1210,O=C(O)c1cccnc1-n1cnc2ccccc21,0
1211,Nc1nc(-c2cc(Cl)ccc2Cl)cs1,0
1212,OB(O)c1cccc(OC(F)(F)F)c1F,0
1213,CC1(C)OB(c2cccc(Cc3ccccc3)c2)OC1(C)C,0
1214,Cn1cc2cc(B3OC(C)(C)C(C)(C)O3)ccc2n1,0
1215,CC(C)(C)c1nc(C(=O)O)co1,0
1216,COC(=O)c1ccc(B2OC(C)(C)C(C)(C)O2)cc1F,0
1217,COc1cccc(-c2cc(C(=O)O)[nH]n2)c1,0
1218,Cc1ccccc1C1=NOC(C(=O)O)C1,0
1219,COc1c(F)cccc1B(O)O,0
1220,OB(O)c1cccc(C(F)(F)F)c1F,0
1221,O=C(O)C1CC2(CC2)C1,0
1222,O=C(O)C1C[C@@H]2C[C@@H]2C1,0
1223,O=C(O)Cn1ccc2cc(F)ccc21,0
1224,Cc1cc(-c2nc(C(=O)O)co2)ccn1,0
1225,CNS(=O)(=O)c1ccc(CCC(=O)O)cc1,0
1226,O=C(O)C1CCC2(CC1)COCCO2,0
1227,Nc1ccc2[nH]cnc2c1,0
1228,CC1(C)OB(c2ccc3c(c2)-c2ccccc2C3)OC1(C)C,0
1229,CN1CC(C(=O)O)Oc2ccccc21,0
1230,COc1ccc(B2OC(C)(C)C(C)(C)O2)s1,0
1231,O=C(O)[C@@H]1CN(C(=O)OCC2c3ccccc3-c3ccccc32)C[C@H]1c1ccc(Cl)nc1,0
1232,O=C(NCc1ccc(C(=O)O)cc1)OCC1c2ccccc2-c2ccccc21,0
1233,OB(O)c1ccc(C(F)(F)F)nc1,0
1234,CCc1nc(C)c(C(=O)O)o1,0
1235,C=C(C)B1OC(C)(C)C(C)(C)O1,0
1236,O=C(O)CCCn1ncccc1=O,0
1237,CC1(C)OB(c2ccc3nncn3c2)OC1(C)C,0
1238,CC1(C)OB(c2cccc3ccoc23)OC1(C)C,0
1239,OB(O)c1ccc2ccccc2c1F,0
1240,Cc1cnc2cc(C(=O)O)nn2c1C(F)(F)F,0
1241,Cn1cnc(C(=O)O)c1,0
1242,C[C@H]1CC[C@H](C(=O)O)CC1,0
1243,O=C(O)c1[nH]nc2c1COCC2,0
1244,O=C(O)CCc1nc(C2CCCC2)no1,0
1245,O=C(O)CCOc1cc(F)ccc1F,0
1246,CNC(=O)c1cc(C(=O)O)nn1C,0
1247,O=C(O)c1n[nH]c(C2CC2)c1F,0
1248,O=C(O)CNC(=O)c1ccco1,0
1249,OB(O)c1ccc2c(c1)OCCO2,0
1250,Cn1ccc(B2OC(C)(C)C(C)(C)O2)c1,0
1251,CC1(C)OB(c2ccccc2F)OC1(C)C,0
1252,O=C(O)C[C@H](Cc1csc2ccccc12)NC(=O)OCC1c2ccccc2-c2ccccc21,0
1253,Cc1nc(N2CCOCC2)sc1CC(=O)O,0
1254,O=C(O)C1CCC2(CC1)CC2,0
1255,O=C1CCC(C(=O)O)CC1,0
1256,CC(C)(C)n1ccc(C(=O)O)n1,0
1257,O=C(O)c1cccc(-c2ccc(C(F)(F)F)cc2)c1,0
1258,O=C(O)CC(n1cccn1)C(F)(F)F,0
1259,CCCc1[nH]ncc1C(=O)O,0
1260,O=C(O)Cc1cc(F)cc2c1OCOC2,0
1261,O=C(O)C1CCc2ccc(F)cc2O1,0
1262,O=C(Nc1cc(O)cc(C(=O)O)c1)OCC1c2ccccc2-c2ccccc21,0
1263,OB(O)c1ccc(OC(F)(F)F)c(F)c1,0
1264,OB(O)C1=CCCC1,0
1265,Cc1cccc2c1B(O)OC2,0
1266,OB(O)c1ccc2c(c1)OCC2,0
1267,O=C(O)c1ccc(-c2cn[nH]c2)cn1,0
1268,CC(C)(C)n1nccc1C(=O)O,0
1269,O=C(O)C1Cc2ccc(OC(F)F)cc2O1,0
1270,CCc1nc2ccccc2n1CCC(=O)O,0
1271,COc1cc(C#N)ccc1B(O)O,0
1272,CCOc1ccc(B(O)O)c(F)c1F,0
1273,CC1(C)OB(c2ccc(Cn3ccc(C(F)(F)F)n3)cc2)OC1(C)C,0
1274,OB(O)c1ccc(-c2nn[nH]n2)cc1,0
1275,CC(C)(C)OC(=O)N1C[C@@H](C(=O)O)[C@H](c2cccc(Br)c2)C1,0
1276,O=C(O)c1ccnc(N2CCOCC2)n1,0
1277,CCn1cc(C(=O)O)c(-c2cnn(C)c2)n1,0
1278,CC(NC(=O)OCC1c2ccccc2-c2ccccc21)C(=O)O,0
1279,CN1CC(C(=O)O)CC1=O,0
1280,CC1(C)OB(c2ccc(CN3CCOCC3)s2)OC1(C)C,0
1281,COc1cc([N+](=O)[O-])cc(C)c1N,0
1282,CC(C)COc1ccc(B(O)O)cc1,0
1283,O=C(O)c1ccc(-c2cn[nH]c2)cc1,0
1284,Cn1ncc2c1CC(C(=O)O)CC2,0
1285,COc1cc(B(O)O)c(F)cn1,0
1286,Cn1nnnc1N1CCC(C(=O)O)C1,0
1287,OB(O)c1csc(C(F)(F)F)c1,0
1288,O=C(O)c1ccnc(N2CCOCC2)c1,0
1289,OB(O)c1coc(C(F)(F)F)c1,0
1290,OB1OCc2cc3c(cc21)OCCO3,0
1291,O=C(Nc1nccnc1C(=O)O)OCC1c2ccccc2-c2ccccc21,0
1292,O=C1CC(C(=O)O)c2cccnc2N1,0
1293,COc1ccc(C(F)(F)F)cc1B(O)O,0
1294,O=C(O)[C@@H]1CN(C(=O)OCC2c3ccccc3-c3ccccc32)C[C@H]1c1ccnc(Cl)c1,0
1295,CC1(C)OB(c2ccc3[nH]ccc3c2)OC1(C)C,0
1296,CC(C)(C)OC(=O)N1CCC(COc2cc(I)ccc2C(=O)O)CC1,0
1297,OB(O)c1cc2ccccc2o1,0
1298,O=C(O)C1CCCOC1,0
1299,O=C(O)c1ccc(-c2nnc(C3CC3)[nH]2)cc1,0
1300,Cc1cccc(B(O)O)c1F,0
1301,CCc1c(C)nn(CC(=O)O)c1C,0
1302,COc1c(F)ccc(C(=O)O)c1F,0
1303,CC1(C)OB(c2cc3ccoc3cc2F)OC1(C)C,0
1304,O=C(O)c1cccc2c1OC(F)(F)O2,0
1305,Cc1cocc1B1OC(C)(C)C(C)(C)O1,0
1306,Cc1ccc(C(=O)O)[nH]1,0
1307,O=C(O)C1CC1(F)F,0
1308,O=C(O)[C@@]12C[C@@H](F)[C@@H]1C2,0
1309,OB(O)c1ccccc1C1CC1,0
1310,OB(O)c1ccnc2ccccc12,0
1311,CC(C)n1ccc(B2OC(C)(C)C(C)(C)O2)n1,0
1312,O=C(O)C1(CF)CC1,0
1313,Cn1nc(C(=O)O)cc1C(F)(F)F,0
1314,Cn1ccc2cccc(B(O)O)c21,0
1315,O=C(O)C1CCCC1,0
1316,O=C(O)C1CCCCC1,0
1317,OB(O)c1cc2ccccc2s1,0
1318,O=C(O)[C@@H]1Cc2ccccc2O[C@H]1C(F)F,0
1319,Cc1cccc(B2OC(C)(C)C(C)(C)O2)c1C#N,0
1320,N#Cc1cccc(-c2cccc(C(=O)O)c2)c1,0
1321,O=C(O)c1cc(C2CC2)on1,0
1322,CCOc1ccc(C)cc1C(=O)O,0
1323,OB(O)c1cc(C(F)(F)F)cc(C(F)(F)F)c1,0
1324,Cc1nc2c(C)cccc2cc1C(=O)O,0
1325,O=C(O)c1ccc(-c2noc(=O)[nH]2)cc1,0
1326,Cc1cc(C)n(-c2ccc(C(=O)O)nn2)n1,0
1327,O=C(O)c1ccc(N2CCOCC2)nn1,0
1328,COc1cccc(B(O)O)c1F,0
1329,O=C(O)C1CC(C2CCOCC2)=NO1,0
1330,O=C(OCC1c2ccccc2-c2ccccc21)N1CCC(Cc2ccnc(Br)c2)(C(=O)O)CC1,0
1331,OB(O)c1ccccc1,0
1332,OB(O)c1cccc(OC2CCCC2)c1,0
1333,Cc1cc(B(O)O)ccc1OCCN1CCOCC1,0
1334,CC(C)(C)n1cc(CC(=O)O)cn1,0
1335,O=C(c1cccc(B(O)O)c1)N1CCCC1,0
1336,CCCOc1ccc(B(O)O)c(F)c1,0
1337,N#Cc1ccc(B(O)O)cc1C(F)(F)F,0
1338,COc1cccc(B2OCC(C)(C)CO2)c1C#N,0
1339,COc1ccnc(N2CCC(C(=O)O)CC2)n1,0
1340,COc1nc2ccccc2cc1B(O)O,0
1341,CC(C)(C)OC(=O)N1CCC(C(=O)O)(c2cccc(Br)c2)CC1,0
1342,O=C(Nc1c(Cl)cc(C(=O)O)c2c1CCO2)OCC1c2ccccc2-c2ccccc21,0
1343,N#Cc1ccc(NC(=O)c2cccc(B(O)O)c2)cc1,0
1344,OB(O)c1ccc(OCc2ccccc2)cc1F,0
1345,O=C(O)CC1CCC(F)(F)CC1,0
1346,Nc1ccc2[nH]c(=O)sc2c1,0
1347,Cn1cc(B2OC(C)(C)C(C)(C)O2)cn1,0
1348,CC(O)Cn1cnc2c(N)ncnc21,0
1349,CNS(=O)(=O)c1ccc(F)c(C(=O)O)c1,0
1350,Cn1nc(C(C)(C)C)cc1C(=O)O,0
1351,CC1(C)OB(c2cncc(C(F)(F)F)c2)OC1(C)C,0
1352,O=C(O)c1ccc(-c2ccco2)[nH]1,0
1353,CCS(=O)(=O)Nc1cccc(C(=O)O)c1,0
1354,Nc1ncnn2cccc12,0
1355,CCCCOc1ccc(C(F)(F)F)cc1B(O)O,0
1356,O=C(O)[C@H]1CC1(F)F,0
1357,CC(C)c1ccnc2cc(C(=O)O)nn12,0
1358,CC1(C)OB(c2cncc(OC(F)F)c2)OC1(C)C,0
1359,C=CB1OC(C)(C)C(C)(C)O1,0
1360,Cl.Cl.Cn1nnnc1CN,0
1361,Cc1cc(C)n(-c2cccc(B(O)O)c2)n1,0
1362,O=C(O)C12CCC(CC1)C2,0
1363,CC(=O)c1ccc(B(O)O)s1,0
1364,COc1cc(F)ccc1B(O)O,0
1365,Nc1nccnn1,0
1366,Cc1cc(O)cc(C)c1C[C@H](NC(=O)OCC1c2ccccc2-c2ccccc21)C(=O)O,0
1367,CN(C)Cc1ccccc1B(O)O,0
1368,CC(OC1CCCC1)C(=O)O,0
1369,O=C1CC2(C1)CC(C(=O)O)C2,0
1370,C[C@@H]1OCCO[C@@H]1C(=O)O,0
1371,O=C(N[C@H](Cc1c[nH]c2cc(Cl)ccc12)C(=O)O)OCC1c2ccccc2-c2ccccc21,0
1372,Cc1cccc(NC(=O)c2cccc(B(O)O)c2)c1C,0
1373,OB(O)c1ccc2c[nH]nc2c1,0
1374,O=C(O)c1cnc2c(F)ccc(F)c2c1,0
1375,CCc1cc(C(=O)O)nn1C,0
1376,CNS(=O)(=O)c1cccc(C(=O)O)c1,0
1377,CN(c1ccccc1)S(=O)(=O)c1cccc(C(=O)O)c1,0
1378,Cn1nc(C2CC2)c2c(C(=O)O)ccnc21,0
1379,Cl.Cl.NCC12CCN(CC1)CC2,0
1380,O=C(O)c1cn[nH]c1C1CCCCC1,0
1381,N#Cc1cccc(B(O)O)c1,0
1382,CCCCCC1CCC(C(=O)O)CC1,0
1383,O=C(O)c1ccnc2ccccc12,0
1384,O=C(O)c1scc2c1CCCC2,0
1385,Cc1cc(B2OC(C)(C)C(C)(C)O2)cs1,0
1386,CC1(C)OB(c2cccc3cc[nH]c23)OC1(C)C,0
1387,O=C(O)c1ccccc1-c1cn[nH]c1,0
1388,O=C(O)C1CCCCO1,0
1389,CCn1c(=O)[nH]c2cc(C(=O)O)ccc21,0
1390,COCCC(=O)O,0
1391,O=C(O)C1(F)CCCCC1,0
1392,O=C(O)c1cn[nH]c1-c1ccc2c(c1)OCO2,0
1393,OB(O)c1ccccc1CC(F)(F)F,0
1394,Cc1cc(C(=O)O)sc1-c1ccccc1,0
1395,C[C@H](O)CC(=O)O,0
1396,CN(C)c1cccc(B(O)O)c1,0
1397,Cc1cccc2c1CC(C(=O)O)O2,0
1398,Cn1nc(CC(=O)O)cc1C(F)(F)F,0
1399,Cc1ccc(S(=O)(=O)N2CCCCC2)cc1B(O)O,0
1400,Cc1nc2cc(C(=O)O)ccc2n1C1CC1,0
1401,O=C(O)CC1CCOCC1,0
1402,O=C(O)c1cccc(O)c1,0
1403,O=C(O)C1(C(F)F)CC1,0
1404,O=C(O)Cc1[nH]nc2ccccc12,0
1405,Cc1csc2ccc(B(O)O)cc12,0
1406,Cc1ccc(S(=O)(=O)N(C)C)cc1B(O)O,0
1407,Cc1cnn(C)c1C(=O)O,0
1408,CC1(C)CCC1C(=O)O,0
1409,Cc1cccc(NC(=O)COc2ccc(CCN)cc2)c1.Cl,0
1410,CC1CC=C(B2OC(C)(C)C(C)(C)O2)CC1,0
1411,OB(O)c1ccc(-n2nccc2C2CC2)cc1,0
1412,O=C1NC(=O)C2(CCC(C(=O)O)CC2)N1,0
1413,O=C(OCC1c2ccccc2-c2ccccc21)N1CCC(Cc2ccnc(Br)c2)(C(=O)O)C1,0
1414,O=C(O)C1CC(F)(F)C1,0
1415,CC(=O)N[C@H]1CC[C@H](C(=O)O)CC1,0
1416,COc1ccc(B(O)O)c(C)c1F,0
1417,Cc1cc2nccnc2cc1B1OC(C)(C)C(C)(C)O1,0
1418,O=C(NC1CC1)c1ccc(B(O)O)cc1,0
1419,CC1(F)CC(C(=O)O)C1,0
1420,CC1(C)OB(c2cnn(C3CCCCO3)c2)OC1(C)C,0
1421,CCCNC(=O)Nc1ccc(B2OC(C)(C)C(C)(C)O2)cc1,0
1422,CC1(C(=O)O)CC1,0
1423,CC(C)(C)OC(=O)N1CCC(C(=O)O)(c2ccc(Br)cc2)CC1,0
1424,CCc1ocnc1C(=O)O,0
1425,N#CCc1ccc(OCC(=O)O)cc1,0
1426,Cn1nc2c(c1C(=O)O)CCCC2,0
1427,Cc1ccc(N)cn1,0
1428,CCCCOc1ncc(C(F)(F)F)cc1B(O)O,0
1429,COc1cccc2cc(C(=O)O)oc12,0
1430,COc1cnc2[nH]cnc2c1C(=O)O,0
1431,CCCC(=O)O,0
1432,Cc1ncc(B2OC(C)(C)C(C)(C)O2)cn1,0
1433,CN(C)c1cccc2c(B(O)O)cccc12,0
1434,CC(C)[C@@H]1C[C@H]1C(=O)O,0
1435,COc1ccc(B(O)O)cc1C#N,0
1436,Cc1[nH]cnc1CCN.Cl,0
1437,CC(C)(C)c1cccc(B(O)O)c1,0
1438,NCC1CCOC1,0
1439,Cn1cccc1CC(=O)O,0
1440,O=C(O)c1nccc(N2CCOCC2)n1,0
1441,Cc1ccccc1-c1noc(C)c1C(=O)O,0
1442,CN(C)C(=O)N1CCCC(C(=O)O)C1,0
1443,O=C(O)[C@H]1CCCO1,0
1444,CC(=O)c1ncc(C(=O)O)s1,0
1445,C=Cc1ccc(N)cc1,0
1446,O=C(O)C1CC2CCC1O2,0
1447,Cc1cccc2c1COB2O,0
1448,CC(C)(C)OC(=O)N1CC[C@](Cc2ccc(Br)cc2)(C(=O)O)C1,0
1449,C#CCCC[C@H](NC(=O)OCC1c2ccccc2-c2ccccc21)C(=O)O,0
1450,O=C(O)c1cc(C2CC2)ccn1,0
1451,CC(C)C(=O)Nc1cccc(B(O)O)c1,0
1452,CCN(CC)CCOc1ccc(B2OC(C)(C)C(C)(C)O2)cc1,0
1453,O=C(O)C1CCS(=O)(=O)CC1,0
1454,CC(C)(C)OC(=O)N1CCC[C@H](n2cc(C(=O)O)c3cc(Br)ccc32)C1,0
1455,O=C(O)c1cccc(-c2cncnc2)c1,0
1456,CC1(C)OB(c2cc3cccnc3s2)OC1(C)C,0
1457,CC(C)(C)OC(=O)N1CCC(COc2ccc(C(=O)O)cc2I)CC1,0
1458,CC1(C)OB(c2ccc(F)cc2C2CC2)OC1(C)C,0
1459,O=C(O)C1CCOCC1,0
1460,Cn1ncc(C(=O)O)n1,0
1461,O=C(O)c1ccc(-c2cc[nH]n2)s1,0
1462,CC1(C)OB(c2ccc(NS(C)(=O)=O)cc2)OC1(C)C,0
1463,Nc1ccc(N2CCCCC2)cc1,0
1464,Cc1ccn(-c2c(C(=O)O)c(C)nn2C)n1,0
1465,O=C(O)C1CCN(C(=O)N2CCOCC2)CC1,0
1466,Cc1ncccc1B1OC(C)(C)C(C)(C)O1,0
1467,CC(C)n1nccc1[C@@H]1OCC[C@H]1C(=O)O,0
1468,Cc1nnc(CCN)s1.Cl.Cl,0
1469,Cl.NCc1cnc(-n2cccn2)s1,0
1470,CC1(C)OB(c2ccc(F)c(C#N)c2)OC1(C)C,0
1471,Cc1cc2[nH]ncc2cc1B(O)O,0
1472,O=C(O)c1ccc2[nH]ccc2c1,0
1473,CC(C)(C)OC(=O)N1CCC(Oc2cc(C(=O)O)ccc2I)CC1,0
1474,COc1nc(C(=O)O)co1,0
1475,Cl.NC[C@@H]1C[C@H]1C1CCC1,0
1476,COc1c(B(O)O)ccc(F)c1F,0
1477,Cn1nc(C(=O)O)c(=O)c2ccccc21,0
1478,COc1cc(C(=O)O)ccc1NC(=O)OCC1c2ccccc2-c2ccccc21,0
1479,CS(=O)(=O)Nc1cc(C(=O)O)ccc1F,0
1480,COc1ccc2c(C(=O)O)[nH]nc2c1,0
1481,Cc1ccc(F)cc1B1OC(C)(C)C(C)(C)O1,0
1482,COc1cc(OC)nc(N)n1,0
1483,N#Cc1ccoc1B(O)O,0
1484,CC(C)(C)OC(=O)N1CCC[C@@H](c2cccc(I)c2)[C@@H]1C(=O)O,0
1485,O=C(O)c1cn[nH]c1C1CCCO1,0
1486,O=C(O)c1cnc2ncccn12,0
1487,O=C(NC1(C(=O)O)Cc2ccccc2C1)OCC1c2ccccc2-c2ccccc21,0
1488,CC(F)C(=O)O,0
1489,O=C(O)c1ccnc(-n2cccn2)c1,0
1490,CN(C)Cc1ccc(F)c(B2OC(C)(C)C(C)(C)O2)c1.Cl,0
1491,O=C(O)[C@H]1CC[C@@H](C(=O)N2CCCC2)O1,0
1492,OB(O)c1ccc(-n2c3ccccc3c3ccccc32)cc1,0
1493,Cc1ccc(C)c(NC(=O)c2cccc(B(O)O)c2)c1,0
1494,Cn1ncc2cc(F)c(B(O)O)cc21,0
1495,Cc1ccn(-c2cccc(C(=O)O)c2)n1,0
1496,CC1(C)OB(c2c[nH]c3ncccc23)OC1(C)C,0
1497,OB(O)c1ccc(F)c(C(F)(F)F)c1,0
1498,O=C(O)[C@@H]1[C@H]2CCCO[C@H]21,0
1499,CC1(C)OB(c2ccc(OCC3CC3)nc2)OC1(C)C,0
1500,O=C(Nc1c(F)ccc(Cl)c1C(=O)O)OCC1c2ccccc2-c2ccccc21,0
1501,O=C(Nc1cc(C(=O)O)ccc1O)OCC1c2ccccc2-c2ccccc21,0
1502,OB(O)c1cc2c(F)cccc2s1,0
1503,O=C(O)C1CCc2cc(F)ccc2O1,0
1504,Cc1ccc2c(c1)CCC(C(=O)O)O2,0
1505,CC1(C)OB(c2cccc(NC(=O)c3cccc(C(F)(F)F)c3)c2)OC1(C)C,0
1506,CCCNC(=O)c1cc(F)cc(B(O)O)c1,0
1507,CCCOc1ccc(B(O)O)cc1C(F)(F)F,0
1508,CC1(C)OB(c2ccc3c(c2)COC3)OC1(C)C,0
1509,O=C(N[C@@H](CC1CCC1)C(=O)O)OCC1c2ccccc2-c2ccccc21,0
1510,CCNS(=O)(=O)c1ccc(B2OC(C)(C)C(C)(C)O2)c(C)c1,0
1511,Cc1ccc(B2OC(C)(C)C(C)(C)O2)o1,0
1512,O=C(O)c1cc(Br)cnc1N1CCCN(C(=O)OCC2c3ccccc3-c3ccccc32)CC1,0
1513,CCCCOc1ccc(F)c(B(O)O)c1,0
1514,COc1ccc(OC(F)(F)F)cc1B(O)O,0
1515,O=C(O)c1cnc2sccn2c1=O,0
1516,CC(C)(C#N)c1cc(B2OC(C)(C)C(C)(C)O2)ccn1,0
1517,COc1ncncc1B1OC(C)(C)C(C)(C)O1,0
1518,OB(O)c1cc(F)c(F)c(F)c1,0
1519,O=C(O)c1c(F)ccc(F)c1F,0
1520,CC1(C)OB(c2ccc3[nH]c(C(F)(F)F)cc3c2)OC1(C)C,0
1521,CCN(CC)S(=O)(=O)c1ccccc1B(O)O,0
1522,OB(O)c1ccc(N2CCOCC2)cc1,0
1523,Cc1cscc1B(O)O,0
1524,O=C(O)c1cn[nH]c1C1CC1,0
1525,Cc1[nH]nc2ccc(B(O)O)cc12,0
1526,Cl.NCC(N)=S,0
1527,CC(C)(C)C1CCC(C(=O)O)CC1,0
1528,Cc1ccccc1-n1cc(C(=O)O)nn1,0
1529,CC1(C)OB(C2=CCNCC2)OC1(C)C,0
1530,CC(=O)c1cccc(B2OC(C)(C)C(C)(C)O2)c1,0
1531,O=C(O)CSc1nccs1,0
1532,OB(O)c1cc(F)cc2ccoc12,0
1533,COCC1(CCN)CC1.Cl,0
1534,Cn1c(=O)[nH]c2ccc(B3OC(C)(C)C(C)(C)O3)cc21,0
1535,CC1(C)OB(c2ccc3c(c2)CCO3)OC1(C)C,0
1536,Cc1ccc(C(=O)O)cc1N1CCOCC1,0
1537,N#C[C@H]1C[C@H]1C(=O)O,0
1538,O=C(O)C[C@@H](Cc1c(F)c(F)c(F)c(F)c1F)NC(=O)OCC1c2ccccc2-c2ccccc21,0
1539,OB(O)c1ccc(Oc2cccc(C(F)(F)F)c2)cc1,0
1540,O=C(O)Cc1c[nH]c2ccc(F)cc12,0
1541,O=C(O)C1CCOC1,0
1542,OB(O)c1cccc(F)c1F,0
1543,CS(=O)(=O)c1ccc(B(O)O)c(C(F)(F)F)c1,0
1544,CC1(C)OB(c2ccc3nccnc3c2)OC1(C)C,0
1545,CCCc1cc(C(=O)O)nn1C,0
1546,CC1(C)OB(C2=COCCC2)OC1(C)C,0
1547,COc1ccc2c(c1)CC(C(=O)O)CO2,0
1548,OB(O)c1ccc(C(F)F)cc1,0
1549,Cc1sc(=O)n(CCC(=O)O)c1C,0
1550,CCn1nc(C(=O)O)cc1C(F)(F)F,0
1551,COc1ccc(B(O)O)cn1,0
1552,Cc1nn2cc(C(=O)O)nc2s1,0
1553,COC(Cc1ccccc1)C(=O)O,0
1554,Cc1nn(C(C)C)cc1B1OC(C)(C)C(C)(C)O1,0
1555,C/C(=C\B1OC(C)(C)C(C)(C)O1)c1ccnn1C,0
1556,Cl.NCCS(=O)(=O)N1CCOCC1,0
1557,Cc1cc(C)c2[nH]c(C(=O)O)c(C)c2c1,0
1558,Cc1onc(-c2ccccn2)c1C(=O)O,0
1559,O=C(O)Cc1ccc2[nH]ncc2c1,0
1560,CC1(C)OB(c2cc3occc3cc2F)OC1(C)C,0
1561,O=C(O)C1=CCCC1,0
1562,CC12CC(C(=O)O)(CO1)C2,0
1563,CN(C)c1ncc(B(O)O)cn1,0
1564,Cl.NCC(=O)N1CCC(C(N)=O)CC1,0
1565,CCCc1oncc1C(=O)O,0
1566,Cc1ccc(O)cc1B1OC(C)(C)C(C)(C)O1,0
1567,CCc1cc(C(=O)O)cs1,0
1568,O=C(O)[C@@H]1CCOC1,0
1569,Cc1c(C(=O)O)cnc2ccnn12,0
1570,Cc1nc(C(F)(F)F)c(C(=O)O)s1,0
1571,O=C1NCC(Cn2cc(C(=O)O)nn2)O1,0
1572,CC1(C)OB(c2cnc(-c3ccccc3)s2)OC1(C)C,0
1573,O=C(O)c1ccc(-n2cccn2)nn1,0
1574,N#Cc1ccc(B(O)O)cc1C1CC1,0
1575,OB(O)c1cccc2c1oc1ccccc12,0
1576,Cc1cc(C(=O)O)nn1-c1ccc(F)cc1,0
1577,COc1ccc(C(C)(C)C)cc1B(O)O,0
1578,O=C(N[C@H](Cc1cccnc1)C(=O)O)OCC1c2ccccc2-c2ccccc21,0
1579,CC(C)(C)OC(=O)N[C@@H]1CCCN(c2ncc(Br)cc2C(=O)O)C1,0
1580,CC1(C)OB(c2ccc3ccoc3c2F)OC1(C)C,0
1581,CC1(C)OB(C=C2CCCC2)OC1(C)C,0
1582,Nc1cccc(Cl)n1,0
1583,Cc1ccoc1C(=O)NCCCN.Cl,0
1584,CC(C)(C)NC(=O)c1cccc(B(O)O)c1,0
1585,CC1(C)OB(c2cc[nH]c2)OC1(C)C,0
1586,CCOc1cc(C)c(B(O)O)cc1C,0
1587,C[C@@H]1C(C(=O)O)[C@@H]1C,0
1588,CC(C)(C)c1ccnc2c(C(=O)O)cnn12,0
1589,CC1(C)OB(C=C(c2ccccc2)C(F)(F)F)OC1(C)C,0
1590,O=C(O)c1cccc(-c2ccncc2)c1,0
1591,CN(C)S(=O)(=O)Nc1cccc(B(O)O)c1,0
1592,COC(=O)c1cccc(N)c1,0
1593,O=C(O)c1ncn(-c2ccccc2)n1,0
1594,CC(F)(F)c1cccc(B2OC(C)(C)C(C)(C)O2)c1,0
1595,O=C(O)C1CCC12CCOCC2,0
1596,OB(O)c1ccc(OCC2CCCCO2)cc1,0
1597,Cc1cc(C(=O)O)cc(C)c1F,0
1598,O=C(O)[C@@H]1C[C@H]1c1ccc(F)c(F)c1,0
1599,Cl.NCCC1CC=CC1,0
1600,CNS(=O)(=O)c1ccc(C)c(C(=O)O)c1,0
1601,COc1ccc2nc(C)cc(C(=O)O)c2c1,0
1602,CC(C)(C)OC(=O)N1CC(c2ccccc2Br)=C[C@H]1C(=O)O,0
1603,CCn1nc(C(=O)O)cc1C1CC1,0
1604,O=C(O)C1CC2(C1)CC2F,0
1605,Cc1[nH]ncc1C(=O)O,0
1606,N#Cc1ccc(N)nc1,0
1607,CSc1cc(C)c(B(O)O)cn1.Cl,0
1608,O=C(O)c1cccnc1N1CCOCC1,0
1609,COc1cc(N)ccc1F,0
1610,Cn1nc(-c2cccs2)cc1C(=O)O,0
1611,Cc1sccc1B(O)O,0
1612,O=C(O)c1ccc2c(c1)OCCCO2,0
1613,CC(C)(C)OC(=O)N1CCC[C@@H](n2cc(Br)cc2C(=O)O)C1,0
1614,CC(C)(C)c1nnc2ccc(C(=O)O)cn12,0
1615,CNC(=O)c1cc(C(=O)O)ccn1,0
1616,CCCCNC(=O)c1ccc(F)c(B(O)O)c1,0
1617,O=C(O)c1cc2c([nH]c1=O)CCCCC2,0
1618,OB1OCCc2cc(F)ccc21,0
1619,Cc1occc1B1OC(C)(C)C(C)(C)O1,0
1620,CC1(C)OB(c2cccc(CC#N)c2)OC1(C)C,0
1621,Nc1cccc2c1C(=O)NC2=O,0
1622,O=C(O)C1CC[C@@H]2C[C@@H]2CC1,0
1623,O=C(O)CCCn1cnnn1,0
1624,O=C(O)c1cccc(N2CCOCC2=O)c1,0
1625,CC(C)(C)OC(=O)N1C[C@@H](n2cncc2Br)C[C@H]1C(=O)O,0
1626,CC(C)=CC(=O)O,0
1627,CC(C)Oc1ncc(C(F)(F)F)cc1B(O)O,0
1628,O=C(O)[C@@H]1CCCO1,0
1629,OB(O)c1cccc2ncccc12,0
1630,Cc1cc(B(O)O)ccc1C(F)(F)F,0
1631,Cl.NCC1CCC(F)C1,0
1632,CCCOc1ccc(B(O)O)c(F)c1F,0
1633,CC1(C)OB(C2=CCOC2)OC1(C)C,0
1634,CNS(=O)(=O)c1ccc(B(O)O)cc1,0
1635,NC(=O)c1cc(B(O)O)ccc1F,0
1636,O=C(O)[C@@H]1CC1(F)F,0
1637,OB(O)c1ccc(N2CCCC2)cc1,0
1638,COc1cc(C(F)(F)F)ccc1B(O)O,0
1639,COC(C)C(=O)O,0
1640,O=C(O)[C@@H]1C[C@@H]1F,0
1641,O=C(O)c1cccc(N2CCOCC2)c1,0
1642,CN1CCC(C(=O)O)C1,0
1643,O=C(O)C1CCC(OC(F)(F)F)CC1,0
1644,CCCCOc1ccc(B(O)O)c(F)c1,0
1645,O=C(O)c1ccc2[nH]ncc2c1,0
1646,COc1cc(OC)cc(B(O)O)c1,0
1647,Cc1c(C(=O)O)cccc1N1CCOCC1,0
1648,COc1ccc2c(c1)C(C(=O)O)CC2,0
1649,Cc1cc(C(=O)O)nn1C(C)(C)C,0
1650,O=C(O)[C@H]1CC[C@@H](CO)CC1,0
1651,O=C(O)c1cccc2[nH]ncc12,0
1652,O=C(O)C1Cc2cc(F)ccc2O1,0
1653,CCn1cc(B2OC(C)(C)C(C)(C)O2)c(C)n1,0
1654,CC(C)(C)[C@@H]1C[C@H]1C(=O)O,0
1655,OB(O)c1ccc2c(c1)OCO2,0
1656,CC(=O)Nc1cc(C(=O)O)ccn1,0
1657,O=C(Nc1cccc(F)c1)c1ccc(B(O)O)cc1,0
1658,NCCN1C(=O)Cc2ccccc21,0
1659,O=C(O)C1CC12CCC2,0
1660,CS(=O)(=O)NCc1cccc(B(O)O)c1,0
1661,O=C(O)C1CCC(C(F)(F)F)CC1,0
1662,CC(C)Oc1cc(B(O)O)cc(C(F)(F)F)c1,0
1663,O=C(O)C1CCN(c2nccc(C(F)(F)F)n2)CC1,0
1664,CC(CC(=O)O)c1cccc(F)c1,0
1665,Cc1cc(C(=O)O)nn1C1CCOCC1,0
1666,Cc1ccc(C(N)=O)cc1B1OC(C)(C)C(C)(C)O1,0
1667,CC1(C)CCC(C(=O)O)O1,0
1668,Cc1ccc2c(c1)cc(C(=O)O)n2C,0
1669,OCc1ccc(B(O)O)c(F)c1,0
1670,O=C(O)c1cncc(N2CCOCC2)c1,0
1671,Cc1[nH]c(=O)[nH]c(=O)c1CC(=O)O,0
1672,CC1(C)OB(c2csc(C(F)(F)F)n2)OC1(C)C,0
1673,CCCOc1cc(B(O)O)ccc1OC,0
1674,O=C(O)c1cccc(C(F)(F)F)n1,0
1675,CC(=O)N1CC=C(B2OC(C)(C)C(C)(C)O2)CC1,0
1676,Cl.Cl.NCc1ccns1,0
1677,COc1ccc(C)c(B(O)O)c1,0
1678,CC1(C)OB(c2cnn(CCN3CCCC3=O)c2)OC1(C)C,0
1679,Cc1ccoc1CC(=O)O,0
1680,Cn1ccc(-c2n[nH]cc2C(=O)O)n1,0
1681,O=C(O)C1Cc2ccccc2O1,0
1682,NS(=O)(=O)c1ccc(B(O)O)cc1,0
1683,OB(O)c1ccccc1C(F)(F)F,0
1684,OB(O)c1cccc(O)c1,0
1685,CC(=O)Nc1ccnc(C(=O)O)c1,0
1686,Cl.NCC1COc2ccccc2O1,0
1687,CC(C)(C)OC(=O)N1CC[C@H](Oc2cc(I)ccc2C(=O)O)C1,0
1688,COc1ccc(B(O)O)c(OC)n1,0
1689,Cc1cc(C)n(Cc2ccc(B3OC(C)(C)C(C)(C)O3)cc2)n1,0
1690,CC1(C)OB(c2cccc3[nH]ccc23)OC1(C)C,0
1691,CC1(C)OB(c2ccc3c(c2)COCC(=O)N3)OC1(C)C,0
1692,COCCn1cc(B2OC(C)(C)C(C)(C)O2)cn1,0
1693,CC1(CC(=O)O)CC1,0
1694,Nc1cc(Cl)nc(Cl)c1,0
1695,Cc1ccnc2ccc(B3OC(C)(C)C(C)(C)O3)cc12,0
1696,CC(C)C(NC(=O)OCC1c2ccccc2-c2ccccc21)C(=O)O,0
1697,O=C(O)CCn1cccc1,0
1698,Cc1nnc(-c2cccc(C(=O)O)c2)o1,0
1699,Cn1cnc2c(C(=O)O)ccnc21,0
1700,Cl.NCCOCC(N)=O,0
1701,Nc1cccc2cn[nH]c12,0
1702,Cc1cc(C(=O)O)ccn1,0
1703,COC1CCC(C(=O)O)C1,0
1704,OB(O)c1ccc(F)c(F)c1F,0
1705,CC1(C)OB(c2ccc3cc[nH]c3c2)OC1(C)C,0
1706,Cc1cc(C(=O)O)nn1CC(F)(F)F,0
1707,Cc1ccc(B(O)O)c(F)c1F,0
1708,OB(O)c1ccc(C(F)(F)F)s1,0
1709,CS(=O)(=O)Nc1ccc(CC(=O)O)cc1,0
1710,Cc1cc(S(=O)(=O)NCCN)c(C)s1.Cl,0
1711,O=C(O)C1CCN(c2ccccc2)C1,0
1712,C=CCC(=O)O,0
1713,OB(O)c1ccccc1O,0
1714,COc1csc(B2OC(C)(C)C(C)(C)O2)c1,0
1715,CO[C@@H]1C[C@@]2(C(=O)O)C[C@@H]12,0
1716,O=C(O)c1cnccn1,0
1717,CN(C)c1cc(C(=O)O)nc(N(C)C)n1,0
1718,N#Cc1ccc(C(=O)O)nc1,0
1719,CC1(C)OB(C=C2CCOCC2)OC1(C)C,0
1720,CC(C)(C)OC(=O)N1CC[C@@](Cc2ccc(Br)s2)(C(=O)O)C1,0
1721,CC1(C)OB(C=C2CCS(=O)(=O)CC2)OC1(C)C,0
1722,O=C(O)CC1NC(=O)NC1=O,0
1723,CC(C)(C)OC(=O)N1C[C@@H](n2cnc(Br)c2)C[C@H]1C(=O)O,0
1724,O=C(O)c1cc(-n2cccn2)ccn1,0
1725,OB(O)c1ccsc1,0
1726,O=C(O)C1CC1,0
1727,Cc1ccc(C)c(C2=NOC(C(=O)O)C2)c1,0
1728,Cc1nn(C)cc1-c1cc(C(=O)O)n[nH]1,0
1729,O=C(O)c1csc(N2CCOCC2)n1,0
1730,COCc1ccc(CC(=O)O)cc1,0
1731,OB(O)C1=CCOCC1,0
1732,CN1CCCC(C(=O)O)C1,0
1733,Cc1nc2[nH]cc(C(=O)O)c(=O)n2n1.O,0
1734,Cc1cc(=O)c(C(=O)O)cn1C,0
1735,Nc1ccc2ncsc2c1,0
1736,Cc1coc(B2OC(C)(C)C(C)(C)O2)c1,0
1737,Cc1cc(OC(C)C)ccc1B(O)O,0
1738,OB1OCc2c(OCc3ccccc3)cccc21,0
1739,O=C(O)c1ncsc1C(F)(F)F,0
1740,Cc1cnc2nc(CCC(=O)O)nn2c1,0
1741,CC1=NN(c2ccc(C(=O)O)cc2)CC1,0
1742,C#CCN(C)CCCN,0
1743,CC(C)(C)CC(=O)O,0
1744,CC(C)(C)c1cc(C(=O)O)n(Cc2ccccc2)n1,0
1745,CO[C@@H](C)C(=O)O,0
1746,CN(C)c1cc(C(=O)O)ccn1,0
1747,O=C(O)CC1CCC2(CCOCC2)CO1,0
1748,CC(C)Oc1cccc(B(O)O)c1F,0
1749,Cc1onc(-c2ccncc2)c1C(=O)O,0
1750,O=C(O)C1=COCCO1,0
1751,Cc1ccc(NC(=O)c2cccc(B(O)O)c2)c(C)c1,0
1752,CC(C)(C)c1ccc(C(=O)O)c(NC(=O)OCC2c3ccccc3-c3ccccc32)c1,0
1753,CC(C)c1ccc(O)c(B(O)O)c1,0
1754,Cc1ccc(B(O)O)c2cccnc12,0
1755,CC1=CC=CC2=NC(=O)CC(C)(C(=O)O)N12,0
1756,Cn1cc(-n2cnc(C(=O)O)c2)cn1,0
1757,OCCCc1cccc(B(O)O)c1,0
1758,CC1(C)OB(C2=COCCO2)OC1(C)C,0
1759,CS(=O)(=O)Nc1cccc(B(O)O)c1,0
1760,CC(=O)N1CCN(CC(=O)O)CC1,0
1761,O=C(O)C1CCOC2(CCCC2)C1,0
1762,O=C(N[C@@H]1CCN(c2cc(C(=O)O)cc(Cl)n2)C1)OCC1c2ccccc2-c2ccccc21,0
1763,CCc1ccnc(C(=O)O)c1,0
1764,Cc1ccoc1C(=O)O,0
1765,N#Cc1cncc(N)c1,0
1766,CSc1nc(N)cc(Cl)n1,0
1767,O=C(O)[C@@H]1C=C(c2ccnc(Br)c2)CN1C(=O)OCC1c2ccccc2-c2ccccc21,0
1768,O=C(Nc1ccc(C(=O)O)cc1[N+](=O)[O-])OCC1c2ccccc2-c2ccccc21,0
1769,CCC1(CC)NC(=O)N(CC(=O)O)C1=O,0
1770,OB(O)c1ccc(C2CCCC2)cc1,0
1771,O=C(O)C[C@@H](NC(=O)OCC1c2ccccc2-c2ccccc21)c1cccnc1,0
1772,COC(=O)c1cc(Cl)sc1N,0
1773,Cc1csc(B(O)O)c1,0
1774,CCOc1cc(B(O)O)cc(C(F)(F)F)c1,0
1775,CC(C)(C)C(=O)Nc1cc(C(=O)O)ccn1,0
1776,O=C(O)C1=CCOCC1,0
1777,O=C(Nc1ccc(C(=O)O)cc1Br)OCC1c2ccccc2-c2ccccc21,0
1778,N#CCCNC(=O)c1ccc(B2OCCCO2)cc1,0
1779,CC1(C)OB(c2ccc(C3CC3)c(C#N)c2)OC1(C)C,0
1780,O=C(O)c1ccccc1OC1CCCC1,0
1781,CC1(C)OB(c2cccc(C(F)(F)C(F)(F)F)c2)OC1(C)C,0
1782,CN(C)C(=O)C1CCC(C(=O)O)CC1,0
1783,Cc1ccccc1C[C@H](NC(=O)OCC1c2ccccc2-c2ccccc21)C(=O)O,0
1784,Cn1nc(C(=O)O)cc1C1CC1,0
1785,O=C(O)C1CCOC2(CCC2)C1,0
1786,CC1(C)OB(c2ccc(F)c3ccccc23)OC1(C)C,0
1787,OB(O)c1cnn(-c2cccc(C(F)(F)F)c2)c1,0
1788,Cl.NC[C@H]1CC[C@H](c2ccccc2)O1,0
1789,CC(C)(C)OC(=O)N1C[C@H](Oc2ccccc2I)C[C@@H]1C(=O)O,0
1790,O=C(O)C1[C@H]2COC[C@@H]12,0
1791,Cn1nnc2c(C(=O)O)ccnc21,0
1792,O=C(O)Cn1nccn1,0
1793,O=C(O)c1cc(Cl)nc(N2CCN(C(=O)OCC3c4ccccc4-c4ccccc43)CC2)c1,0
1794,CC1(C)OB(c2cccc(N3CCOCC3)c2)OC1(C)C,0
1795,Cc1cc2ncc(C(=O)O)c(C)n2n1,0
1796,Cc1cc(B(O)O)ccn1,0
1797,COC1(CN)CCC(C(F)F)CC1,0
1798,O=C(Nc1cc(Cl)c(C(=O)O)cn1)OCC1c2ccccc2-c2ccccc21,0
1799,N#CC1(C(=O)O)CC1,0
1800,Nc1cc(N2CCOCC2)ccn1,0
1801,COc1cc(C)ccc1B(O)O,0
1802,Cc1cnc(N)c(C)c1,0
1803,COc1ccc(C(=O)O)cc1N1CCOCC1,0
1804,CN(C(=O)OCC1c2ccccc2-c2ccccc21)[C@@H](Cc1ccc(Cl)cc1)C(=O)O,0
1805,COc1ncc(B2OC(C)(C)C(C)(C)O2)cc1C(F)(F)F,0
1806,COc1cc(B(O)O)cc(C(F)(F)F)c1,0
1807,O=C(NC1CCCCC1)c1ccc(F)c(B(O)O)c1,0
1808,COCC(=O)O,0
1809,O=C(O)C1COC1,0
1810,Cl.NCc1nnc(S)o1,0
1811,Cl.Cl.N=C(N)c1cccc(CN)c1,0
1812,O=C(O)c1cnn(-c2ccccc2F)c1,0
1813,O=C(O)C1C(F)(F)C12CC2,0
1814,OB(O)c1ccc2c(c1)CCCO2,0
1815,Cn1ccnc1C(=O)O,0
1816,O=C(Nc1ccccc1F)c1cccc(B(O)O)c1,0
1817,Cc1ccc(-c2cc(C(=O)O)[nH]n2)o1,0
1818,O=C(O)CCNC(=O)OCC1c2ccccc2-c2ccccc21,0
1819,CC(C)(C)n1nc(C(=O)O)cc1C1CC1,0
1820,O=C(O)Cc1ccc2c(c1)OC(F)(F)O2,0
1821,CCCCOc1cccc(B(O)O)c1F,0
1822,O=C(O)c1cc(-c2ccccc2)ccn1,0
1823,CC1(C)c2ccccc2-c2ccc(B(O)O)cc21,0
1824,Cc1cc(C)c(OCc2ccccc2)c(B(O)O)c1,0
1825,Cc1cc(CC(=O)O)[nH]n1,0
1826,CSC1CCC(CN)CC1,0
1827,CC1(C)OB(c2ccc(-c3ccccn3)cc2)OC1(C)C,0
1828,O=C(NC1CN(c2cc(C(=O)O)cc(Cl)n2)C1)OCC1c2ccccc2-c2ccccc21,0
1829,CCn1c2ccccc2c2cc(B(O)O)ccc21,0
1830,O=C(O)c1cc(C2CC2)n2nccc2n1,0
1831,O=C(O)[C@@H]1C[C@@H]2O[C@H]1[C@H]1C[C@H]12,0
1832,O=C(O)[C@@H]1C=C(c2cnc(Cl)nc2)CN1C(=O)OCC1c2ccccc2-c2ccccc21,0
1833,O=C(O)c1cc2c(F)cccc2[nH]1,0
1834,CCC(C(=O)O)n1cncn1,0
1835,O=C(O)[C@H]1CC[C@@H](n2cccc2)CC1,0
1836,COCCCNC(=O)c1cccc(B(O)O)c1,0
1837,CC1(C)OB(C2=CCC(F)(F)CC2)OC1(C)C,0
1838,CC1(C)OB(c2ccc3c(c2)CCC(=O)N3)OC1(C)C,0
1839,O=C(O)c1ccn(COc2ccccc2)n1,0
1840,CC(C)COc1ncc(C(F)(F)F)cc1B(O)O,0
1841,O=C(O)C1COCCO1,0
1842,CC1(C)OB(c2cnc3[nH]ccc3c2)OC1(C)C,0
1843,O=C(O)C1CCC(O)CC1,0
1844,COc1cc(C(=O)O)ncn1,0
1845,CC1(C)OB(C2=CCCOC2)OC1(C)C,0
1846,O=C(O)c1ccc(N2CCOCC2)nc1,0
1847,O=C(O)Cc1ccccc1OC(F)F,0
1848,O=C(O)CC1CC1,0
1849,Cc1cc(-n2c(C)cc(C(=O)O)c2C)no1,0
1850,COc1ccc(-c2ccncc2)cc1B(O)O,0
1851,CC1(C)OB(c2ccc3occc3c2)OC1(C)C,0
1852,Cc1cc(N)sn1.Cl,0
1853,Cc1cc(B(O)O)cc(C)c1F,0
1854,CC(C)COc1ncccc1C(=O)O,0
1855,Cc1cc(C(=O)O)nn1C(C)C1CC1,0
1856,CCSc1ccc(C(=O)O)cn1,0
1857,O=c1ccccn1Cc1ccc(B(O)O)cc1,0
1858,Cc1c[nH]nc1C(=O)O,0
1859,Cl.Cl.NCc1ccn2ccnc2c1,0
1860,CN(C)C(=O)c1cccc(B(O)O)c1F,0
1861,Cn1ccc(B(O)O)cc1=O,0
1862,O=C(O)c1cscn1,0
1863,Cc1cc(C)n(C(C(=O)O)C(C)C)n1,0
1864,CCCOc1ccc(F)c(B(O)O)c1,0
1865,O=C(O)c1cc(F)c(N2CCOCC2)c(F)c1,0
1866,OB(O)c1ccoc1,0
1867,O=C(O)c1ccc(C2CCCO2)s1,0
1868,O=C(Nc1cc(C(F)(F)F)ccc1C(=O)O)OCC1c2ccccc2-c2ccccc21,0
1869,OB(O)c1ccc2c(c1)CC2,0
1870,COC(=O)Nc1ccc(C(=O)O)cc1,0
1871,OB(O)c1cc(F)cc(F)c1,0
1872,O=C(O)C1CC(F)C1,0
1873,COCCn1nc(C(=O)O)ccc1=O,0
1874,CC1(C)OB(c2cnc3[nH]ncc3c2)OC1(C)C,0
1875,OB(O)c1ccc(Cn2cccn2)c(F)c1,0
1876,O=C(O)CC1OCCc2sccc21,0
1877,CC(C)(C)OCc1ccc(B(O)O)cc1,0
1878,OB(O)c1ccc2cnccc2c1,0
1879,Cc1cc2c(cc1C)OC(C(=O)O)C2,0
1880,Cl.NCc1cc(O)n2nccc2n1,0
1881,CC1(C)OB(c2cccc3c2CCO3)OC1(C)C,0
1882,CC1(C)OB(c2cnc(NCc3ccco3)nc2)OC1(C)C,0
1883,CC1(C)OB(c2cccc3c2CCNC3=O)OC1(C)C,0
1884,Cc1c(C(=O)O)nnn1-c1nccs1,0
1885,Cl.NCC1C2CC3CC(C2)CC1C3,0
1886,OB(O)c1ccc2ccc(O)cc2c1,0
1887,CC(C)N1CCNC(=O)C1CC(=O)O,0
1888,CC1(C)OB(c2cc3ccccc3[nH]2)OC1(C)C,0
1889,O=C(O)[C@@]12COC[C@@H]1C2,0
1890,CCOc1ccc(C(F)(F)F)cc1B(O)O,0
1891,CC(C)(O)/C=C/B1OC(C)(C)C(C)(C)O1,0
1892,CC1OCCC1C(=O)O,0
1893,Cc1ccccc1B1OC(C)(C)C(C)(C)O1,0
1894,Cc1nn(C2CCOCC2)cc1C(=O)O,0
1895,O=C(O)c1cn2[nH]ccc2n1,0
1896,Cl.NCCOC1CCSCC1,0
1897,CC1(C)OB(c2cnn3cccnc23)OC1(C)C,0
1898,CC1(C)OB(c2ccc(C(F)(F)F)o2)OC1(C)C,0
1899,O=C(N[C@H]1CCN(c2ncc(Br)cc2C(=O)O)C1)OCC1c2ccccc2-c2ccccc21,0
1900,Cc1cc(C)c2c(CC(=O)O)coc2c1C,0
1901,CC1(C)OB(c2ccnc3[nH]ccc23)OC1(C)C,0
1902,CCCOc1cc(B(O)O)cc(C(F)(F)F)c1,0
1903,O=C(Nc1cccc(F)c1)c1cccc(B(O)O)c1,0
1904,CC(C)(C)NS(=O)(=O)c1ccc(B(O)O)cc1,0
1905,OB(O)c1cccc(OCC2CC2)c1,0
1906,Nc1cc(-c2ccccc2Cl)no1,0
1907,Cc1cc(C)n2nc(C)c(C(=O)O)c2n1,0
1908,OB(O)c1cnc(C2CC2)nc1,0
1909,O=C(O)[C@@H]1C=C(c2ccc(Br)nc2)CN1C(=O)OCC1c2ccccc2-c2ccccc21,0
1910,O=C(O)C1C(F)(F)C12CCC2,0
1911,CC1(C)C(C(=O)O)C1(F)F,0
1912,OB(O)c1cccc(C(F)(F)F)c1,0
1913,CSc1cccc(B(O)O)c1,0
1914,CC1(C)OB(c2cccnc2N2CCCC2)OC1(C)C,0
1915,O=C(O)c1cncc(-n2ccnn2)c1,0
1916,Cn1ccc2c(C(=O)O)ccnc21,0
1917,Cc1cc(C(F)(F)F)nn1CC(C)C(=O)O,0
1918,O=C(O)C1CC(c2ccccc2F)=NO1,0
1919,CC1(C)OB(c2cc(F)ccc2OC(F)F)OC1(C)C,0
1920,O=C(O)c1cccc(N2CCOCC2)n1,0
1921,Cc1ccccc1OC(C)CN,0
1922,CC1(C)OB(c2cnc3occc3c2)OC1(C)C,0
1923,OB1OCc2cc(F)ccc21,0
1924,CC1(C)OB(c2ccc3c(c2)CCN3)OC1(C)C,0
1925,Cl.Cl.Cn1ccnc1C(O)CN,0
1926,OB(O)c1ccco1,0
1927,Cl.Cl.NCc1nnc(N2CCCC2)o1,0
1928,CC1(C)OB(c2ccnc(N3CCCC3)c2)OC1(C)C,0
1929,Cc1ccc(C(=O)O)cc1NC(=O)C1CCCO1,0
1930,O=C(O)c1c(C(F)F)nc2n1CCCC2,0
1931,OB1OCc2cc3c(cc21)OCO3,0
1932,CC(C)COc1cc(OC(F)(F)F)cc(B(O)O)c1,0
1933,Cc1c(C(=O)O)sc2nc[nH]c(=O)c12,0
1934,C[C@@H]1CCO[C@@H](C(=O)O)C1,0
1935,Cc1cc(C(=O)O)n(C2CCOCC2)n1,0
1936,O=C(O)C1CCC1,0
1937,CC1(C)CC(C(=O)O)CO1,0
1938,O=C(O)c1ccnc(OC2CCOC2)c1,0
1939,OB(O)c1ccc(N2CCOCC2)c(F)c1,0
1940,CC1(C)OB(c2sccc2C2CC2)OC1(C)C,0
1941,Cc1nn(C)cc1B1OC(C)(C)C(C)(C)O1,0
1942,Cl.NCCc1ccc(S(N)(=O)=O)s1,0
1943,Cc1ccc(NS(C)(=O)=O)cc1B1OC(C)(C)C(C)(C)O1,0
1944,O=C(O)c1ccn(C2CCOCC2)n1,0
1945,Cc1nnc(-c2ccc(B(O)O)cc2)o1,0
1946,CCOc1cccc(B(O)O)c1F,0
1947,O=C(O)c1ccc(-n2cnc3ccccc32)nc1,0
1948,O=C(O)c1cccnc1-n1cccc1,0
1949,CB1OC(C)(C)C(C)(C)O1,0
1950,CNC(=O)c1ccc(B(O)O)cc1F,0
1951,CC1(C)OB(c2ccsc2C(F)(F)F)OC1(C)C,0
1952,O=C(O)c1cc(F)ccc1-c1ccccc1,0
1953,O=C(O)c1cccc(-c2cn[nH]c2)c1,0
1954,O=C(N[C@@H]1CCC[C@H]1C(=O)O)OCC1c2ccccc2-c2ccccc21,0
1955,CN(C)c1ccccc1B1OC(C)(C)C(C)(C)O1,0
1956,CC1(C)OB(c2cccc(OCCn3ccnc3)c2)OC1(C)C,0
1957,Cc1ccc(-n2cc(B(O)O)cn2)cc1,0
1958,Cn1ncc2c(C(=O)O)cc(C3CC3)nc21,0
1959,O=C(O)COc1cccc2ccccc12,0
1960,CC1(C)OB(O)c2ccccc21,0
1961,CCN(CC)C(=O)c1ccc(F)c(B(O)O)c1,0
1962,O=C(Nc1ccc(F)c(F)c1)c1cccc(B(O)O)c1,0
1963,NCc1ccncc1,0
1964,COc1cccc2cc(B3OC(C)(C)C(C)(C)O3)oc12,0
1965,CC1CC(C)(C(=O)O)C1,0
1966,CCCCOc1ncc(B(O)O)cc1C,0
1967,O=C(O)c1cc2nccc(C3CC3)n2n1,0
1968,CN(C)C1(CN)CC1,0
1969,O=C(O)C1CCC2(CCC2)OC1,0
1970,COc1ccc2cc(C(=O)O)cnc2c1,0
1971,CCCCOc1ccc(B(O)O)c(F)c1F,0
1972,CC1(C)OB(c2ccc(C3CCC(=O)N3)cc2)OC1(C)C,0
1973,CC(C)(C)Oc1ccc(CC(NC(=O)OCC2c3ccccc3-c3ccccc32)C(=O)O)cc1,0
1974,O=C(O)C1CCCO1,0
1975,CCCc1ccc(-c2ccc(B(O)O)c(F)c2)cc1,0
1976,Cc1ccc(NC(=O)c2ccc(B(O)O)cc2)c(C)c1,0
1977,COc1nscc1B1OC(C)(C)C(C)(C)O1,0
1978,N#Cc1sccc1B(O)O,0
1979,Cc1cc(S(=O)(=O)N(C)C)ccc1B(O)O,0
1980,CC1(C)OB(c2cnsc2)OC1(C)C,0
1981,O=C(NCc1ccco1)c1cccc(B(O)O)c1,0
1982,Cc1onc(-c2ccccc2)c1C(=O)O,0
1983,Cc1ccc(NC(=O)c2cccc(C(F)(F)F)c2)cc1B1OC(C)(C)C(C)(C)O1,0
1984,O=C(O)COCC(F)(F)C(F)F,0
1985,Cc1cc(O)ncc1B(O)O,0
1986,O=C(O)c1cc(Cl)nc(N2CCCN(C(=O)OCC3c4ccccc4-c4ccccc43)CC2)c1,0
1987,CNC(=O)c1cc(C(=O)O)n(C)n1,0
1988,CNC(=O)c1cc(B(O)O)ccc1F,0
1989,O=C(O)CN1CC(=O)Nc2ccccc21,0
1990,O=C(O)c1cccnc1-c1ccccc1,0
1991,CCCOc1cccc(B(O)O)c1F,0
1992,OB(O)c1cc(F)cc(C(F)(F)F)c1,0
1993,CC1(C)OB(C2=CCCCC2)OC1(C)C,0
1994,Cc1cc(C(=O)O)n(Cc2ccccc2)n1,0
1995,OB(O)c1ccc(-c2ccccc2)nc1,0
1996,O=C(O)C1COc2ccccc2O1,0
1997,OB(O)c1cc(C(F)(F)F)ccc1F,0
1998,NC(=O)c1cccc(B(O)O)c1,0
1999,Cc1noc(C(F)F)c1C(=O)O,0
2000,COC1(C(=O)O)CCOC1,0
2001,O=C(O)CC1Oc2ccccc2NC1=O,0
2002,CCc1cc(C(=O)O)[nH]n1,0
2003,CC(C)c1ccc2sc(B3OC(C)(C)C(C)(C)O3)cc2c1,0
2004,CCCCOc1cc(B(O)O)cc(C(F)(F)F)c1,0
2005,O=C(O)C1(F)CC1,0
2006,O=C(O)c1cnn(C2CC2(F)F)c1,0
2007,CCCOc1ccc(C(F)(F)F)cc1B(O)O,0
2008,Cc1ccc(CN)c(N2CCCC2)c1.Cl.Cl,0
2009,Cc1occc1C(=O)Nc1cccc(C(=O)O)c1,0
2010,O=C(O)c1ccn(Cn2cccn2)n1,0
2011,CN(c1ncc(Br)cc1C(=O)O)C1CCN(C(=O)OCC2c3ccccc3-c3ccccc32)C1,0
2012,CC1(C)OB(C=C2CCCCC2)OC1(C)C,0
2013,O=C(Nc1c(F)cc(F)cc1C(=O)O)OCC1c2ccccc2-c2ccccc21,0
2014,CC(C)(C)c1ccc(B(O)O)cc1,0
2015,N#CCc1ccc(B(O)O)cc1,0
2016,COc1ccc2oc(B(O)O)cc2c1,0
2017,N#Cc1ccc2c(c1)B(O)OC2,0
2018,CC1(C)OB(c2ccn3nccc3c2)OC1(C)C,0
2019,CC(C)(C)c1cc(B(O)O)cc(C(C)(C)C)c1,0
2020,N#CC1CCC(C(=O)O)CC1,0
2021,CC(=O)Nc1cccc(C(=O)O)c1,0
2022,CCN(CC)S(=O)(=O)c1ccc(C)c(B(O)O)c1,0
2023,CC1(C)OB(c2ccc3c(c2)COCC3)OC1(C)C,0
2024,C[C@H]1C[C@@H]1C(=O)O,0
2025,CC(=O)Nc1cccc(B(O)O)c1,0
2026,O=C(N[C@@H]1CCN(c2ncc(Br)cc2C(=O)O)C1)OCC1c2ccccc2-c2ccccc21,0
2027,O=C(O)c1csc(-c2ccncc2)n1,0
2028,CC1(C)Cc2cccc(B3OC(C)(C)C(C)(C)O3)c2O1,0
2029,CC1(C)OB(c2cc(O)ccc2F)OC1(C)C,0
2030,CC(C)(C)C1CC=C(B2OC(C)(C)C(C)(C)O2)CC1,0
2031,Nc1ccc(F)c(F)c1,0
2032,O=C(O)c1ccn(C2CC2(F)F)n1,0
2033,COCCn1ccc2c(C(=O)O)cccc21,0
2034,CSCC(=O)O,0
2035,CN1CCN(Cc2ccc(B3OC(C)(C)C(C)(C)O3)cc2)CC1,0
2036,CS(=O)(=O)c1ccccc1C(=O)O,0
2037,Cc1ccc(CO)cc1B1OC(C)(C)C(C)(C)O1,0
2038,CC(C)C(=O)O,0
2039,Cc1ccc(-c2cccc(C(=O)O)c2)cc1,0
2040,O=C(O)CC1COCCO1,0
2041,CC1(C)OB(c2sccc2C#N)OC1(C)C,0
2042,O=C(Nc1c(C(=O)O)cccc1[N+](=O)[O-])OCC1c2ccccc2-c2ccccc21,0
2043,CC1(C)OB(c2ccc(C3OCC3(F)F)cc2)OC1(C)C,0
2044,O=C(O)CCc1ccc(-c2ccccc2)[nH]1,0
2045,Cl.O.O=C(O)Cc1cn2ccsc2n1,0
2046,Cc1cc(C)n(Cc2cccc(C(=O)O)c2)n1,0
2047,O=C(O)C1CCc2ccccc2O1,0
2048,CC(C)(Oc1ccc(F)cc1)C(=O)O,0
2049,COC1CC(C(=O)O)C1,0
2050,Nc1cc(C(F)(F)F)ccn1,0
2051,CC(C)Oc1ccc(F)cc1B(O)O,0
2052,O=C(O)C1CC12CC2,0
2053,COc1cc(CO)ccc1B1OC(C)(C)C(C)(C)O1,0
2054,COC(C)c1nc(C(=O)O)co1,0
2055,CC1(C)OB(/C=C/c2ccc(F)c(F)c2)OC1(C)C,0
2056,O=C(O)C1CC2(CCOCC2)C1,0
2057,CNS(=O)(=O)c1ccc(C(=O)O)cc1,0
2058,O=C(O)C1CC2(CCCO2)C1,0
2059,Cc1ccc(-c2cc(C(=O)O)c3cccc(C)c3n2)o1,0
2060,CC1CCC(C(=O)O)CC1,0
2061,Cc1ccc(B2OC(C)(C)C(C)(C)O2)cn1,0
2062,OB(O)c1cc(F)c(OC(F)F)c(F)c1,0
2063,CN1Cc2cc(B(O)O)ccc2C1=O,0
2064,CC(C)Cn1ncc2cc(C(=O)O)cnc21,0
2065,O=C(O)c1cn(-c2ccncc2)nn1,0
2066,O=C(O)C[C@@H](NC(=O)OCC1c2ccccc2-c2ccccc21)c1ccc(Cl)cc1Cl,0
2067,OB(O)c1cccc2c1OCCCO2,0
2068,O=C(O)C1CC2(CCC2)C1,0
2069,Cn1cc(C(=O)O)c(-c2cccnc2)n1,0
2070,OB(O)c1cscc1C(F)(F)F,0
2071,O=C(O)c1cc(C(F)(F)F)ccn1,0
2072,O=C(O)c1cn2ccncc2n1,0
2073,O=C(O)c1cccc(C2(F)COC2)c1,0
2074,CNS(=O)(=O)Nc1ccc(B2OC(C)(C)C(C)(C)O2)cc1,0
2075,CS(=O)(=O)c1ccccc1B(O)O,0
2076,O=C(O)C1(F)CCCC1,0
2077,CC(C)(C)OC(=O)N1C[C@@H](Oc2cc(Br)ccn2)C[C@@H]1C(=O)O,0
2078,CC1(C)OB(c2ccc(N3CCOCC3)nc2)OC1(C)C,0
2079,CC1=CC2=NC(=O)CC(C)(C(=O)O)N2C=C1,0
2080,NCc1cccnc1-n1ccnc1,0
2081,CCOc1ccccc1B(O)O,0
2082,CC(C)(C)C1=NOC(C(=O)O)C1,0
2083,CC(Sc1nnnn1C1CC1)C(=O)O,0
2084,COc1ccc(-n2nc(C)c(C(=O)O)c2C)cc1,0
2085,O=C(O)C1CCC(F)(F)C1,0
2086,CN1CCOCc2cc(B3OC(C)(C)C(C)(C)O3)ccc21,0
2087,O=C(O)C1CSc2cnnn2C1,0
2088,CC1(C(=O)O)CCC1,0
2089,Cn1cc(C(=O)O)c(C(C)(C)C)n1,0
2090,CCC[C@H]1CC[C@H](C(=O)O)CC1,0
2091,CN(CC(=O)O)C1CCS(=O)(=O)C1,0
2092,O=C(O)c1nccnc1N1CCCCC1,0
2093,COc1ccc(C(C)=CB2OC(C)(C)C(C)(C)O2)cc1,0
2094,CC1(C)OB(c2ccc(-c3ccncc3)cc2)OC1(C)C,0
2095,CC(OCC(F)(F)F)C(=O)O,0
2096,O=C(Nc1ccc(F)cc1)c1cccc(B(O)O)c1,0
2097,CC1(C)OB(c2ccc(S(C)(=O)=O)c(C#N)c2)OC1(C)C,0
2098,Cc1c(F)ccc(B(O)O)c1F,0
2099,O=C(O)c1ccn2cnnc2c1,0
2100,CCCOc1ncc(C(F)(F)F)cc1B(O)O,0
2101,C[C@@H]1C[C@H]1C(=O)O,0
2102,Cl.NCc1cc(Cl)sc1Cl,0
2103,Cc1ccc2[nH]ncc2c1B(O)O,0
2104,OB(O)c1cccs1,0
2105,CC1(C)COC1C(=O)O,0
2106,OB(O)c1cccc2cnccc12,0
2107,Cl.NCCc1csc2ccccc12,0
2108,CSCCC(NC(=O)OCC1c2ccccc2-c2ccccc21)C(=O)O,0
2109,CC1(C)OB(c2ccc3c(c2)C(=O)NCCO3)OC1(C)C,0
